data_hora,AnoCol,q1,q2,q3,q4,q5,q6,q7,q8,q9,q10,q11,q12,q13,q14,q15,q16,q17,q18,q19,q20,q1_num,q1_ord,q1_sentimento,q2_cat,q3_num,q3_ord,q3_nivel,q4_texto,q5_texto,q6_num,q6_ord,q7_cat,q8_ord,q9_cat,q10_num,q10_ord,q11_cat,q12_cat,q13_num,q13_ord,q14_num,q14_ord,q15_num,q15_ord,q16_num,q16_ord,q17_num,q17_ord,q18_num,q18_ord,q19_texto,q20_texto
2025-09-03T14:29:11Z,2025,5,Acompanhamento do desempenho e frequência dos jovens,4,"Encaixar o PPE na área que ele mais tem afinidade, controle de demanda e falta de experiência dos mesmos","Orientação, acolhimento e empatia",5,Talvez,É fundamental,Acompanhamento por um profissional/colega ou servidor mais experiente,4,E-mail,Diariamente,3,5,4,3,4,4,Dialogo entre PPE e equipe.,Não,5,5,Positivo (4-5),Acompanhamento de desempenho e frequência,4,4,Alto desafio (4-5),"Encaixar o PPE na área que ele mais tem afinidade, controle de demanda e falta de experiência dos mesmos","Orientação, acolhimento e empatia",5,5,Não tenho certeza / Talvez,É fundamental,Acompanhamento por servidor mais experiente,4,4,E-mail exclusivo,Diariamente,3,3,5,5,4,4,3,3,4,4,4,4,Dialogo entre PPE e equipe.,Não
2025-09-03T15:10:00Z,2025,5,Orientação e supervisão direta das atividades dos jovens,5,Garantir a qualidade no aprendizado e auxiliar/orientar a inserção do jovem no mercado de trabalho e na capacitação profissional contínua.,"Troca de experiencias, comunicação/dialogo constante, busca continua do conhecimento e no desenvolvimento das habilidades e na contribuição para melhorias e objetivos da empresa.",5,Não,É fundamental,Acompanhamento por um profissional/colega ou servidor mais experiente,4,Whatsapp,Semanalmente,5,4,4,4,4,4,"Promover ações de interação, trocas de experiencias, treinamentos/qualificações, criando espaços de diálogo entre ponto focal e o PPE. Ampliar as parcerias com empresas que possam oferecer oportunidades ao programa 1º emprego.",NÃO,5,5,Positivo (4-5),Orientação e supervisão direta,5,5,Alto desafio (4-5),Garantir a qualidade no aprendizado e auxiliar/orientar a inserção do jovem no mercado de trabalho e na capacitação profissional contínua.,"Troca de experiencias, comunicação/dialogo constante, busca continua do conhecimento e no desenvolvimento das habilidades e na contribuição para melhorias e objetivos da empresa.",5,5,Não (Não possui),É fundamental,Acompanhamento por servidor mais experiente,4,4,WhatsApp exclusivo,Semanalmente,5,5,4,4,4,4,4,4,4,4,4,4,"Promover ações de interação, trocas de experiencias, treinamentos/qualificações, criando espaços de diálogo entre ponto focal e o PPE. Ampliar as parcerias com empresas que possam oferecer oportunidades ao programa 1º emprego.",NÃO
2025-09-03T16:43:38Z,2025,5,Orientação e supervisão direta das atividades dos jovens,4,"Formação de postura, desenvolvimento gradual e segurança para desempenho no ambiente.","Desenvolvimento do conhecimento do jovem aprendiz, facilitador  do desenvolvimento das atividades e segurança das ferramentas para aprendizagem.",5,Talvez,Contribui significativamente,Acompanhamento por um profissional/colega ou servidor mais experiente,5,E-mail,Diariamente,5,4,2,4,4,4,Tempo para seguir conhecendo e desempenho,NENHUMA,5,5,Positivo (4-5),Orientação e supervisão direta,4,4,Alto desafio (4-5),"Formação de postura, desenvolvimento gradual e segurança para desempenho no ambiente.","Desenvolvimento do conhecimento do jovem aprendiz, facilitador do desenvolvimento das atividades e segurança das ferramentas para aprendizagem.",5,5,Não tenho certeza / Talvez,Contribui significativamente,Acompanhamento por servidor mais experiente,5,5,E-mail exclusivo,Diariamente,5,5,4,4,2,2,4,4,4,4,4,4,Tempo para seguir conhecendo e desempenho,NENHUMA
2025-09-04T08:44:20Z,2025,4,Articulação entre gestão central do PPE e o orgão,5,"lidar com situações pessoais de cada beneficiário, distancia local moradia x local de trabalho, relação interpessoal entre beneficiário e profissionais locais, falta de etica profissional dos beneficiários",poder ajudar na inserção destes beneficiários no mercado de trabalho,5,Sim,Contribui significativamente,"Acesso a materiais institucionais (manuais, guias, outros)",4,E-mail,Mensalmente,3,4,5,3,2,3,"A plataforma AVA, segundo relatos dos PPE, têm conteudos repetitivos, cansativos. Sugestão: mudar a metodologia","Segundo relato dos PPEs, o acesso ao RH da FESF é limitado e confuso",4,4,Positivo (4-5),Outras atribuições,5,5,Alto desafio (4-5),"lidar com situações pessoais de cada beneficiário, distancia local moradia x local de trabalho, relação interpessoal entre beneficiário e profissionais locais, falta de etica profissional dos beneficiários",poder ajudar na inserção destes beneficiários no mercado de trabalho,5,5,Sim (Possui protocolos),Contribui significativamente,Múltiplas formas / Outras práticas,4,4,E-mail exclusivo,Quinzenalmente ou Mensalmente,3,3,4,4,5,5,3,3,2,2,3,3,"A plataforma AVA, segundo relatos dos PPE, têm conteudos repetitivos, cansativos. Sugestão: mudar a metodologia","Segundo relato dos PPEs, o acesso ao RH da FESF é limitado e confuso"
2025-09-04T09:55:08Z,2025,5,Acompanhamento do desempenho e frequência dos jovens,4,"Treinar os jovens para que se tornem bons profissionais, adequar escala com outros profissionais , estabelecer responsabilidade nos jovens, da sua função na área..","Compreensão em saber que estamos lidando com pessoas sem ou com pouca experiência, poder reconhecer nele uma possível mão-de-obra a ser aproveitada e acreditar que todos tem potencial.",5,Talvez,Contribui significativamente,Acompanhamento por um profissional/colega ou servidor mais experiente,5,Whatsapp,Semanalmente,2,4,3,2,4,5,Aquisição de um celular próprio para o programa.,"Acho que eles deveriam poder trabalhar em plantões, domingos e feriados.",5,5,Positivo (4-5),Acompanhamento de desempenho e frequência,4,4,Alto desafio (4-5),"Treinar os jovens para que se tornem bons profissionais, adequar escala com outros profissionais , estabelecer responsabilidade nos jovens, da sua função na área..","Compreensão em saber que estamos lidando com pessoas sem ou com pouca experiência, poder reconhecer nele uma possível mão-de-obra a ser aproveitada e acreditar que todos tem potencial.",5,5,Não tenho certeza / Talvez,Contribui significativamente,Acompanhamento por servidor mais experiente,5,5,WhatsApp exclusivo,Semanalmente,2,2,4,4,3,3,2,2,4,4,5,5,Aquisição de um celular próprio para o programa.,"Acho que eles deveriam poder trabalhar em plantões, domingos e feriados."
2025-09-04T10:21:13Z,2025,4,Orientação e supervisão direta das atividades dos jovens,4,Nada a relatar,Nada a relatar,4,Sim,É fundamental,Acompanhamento por um profissional/colega ou servidor mais experiente,4,Whatsapp,Semanalmente,4,4,2,3,4,4,O projeto fazer um acolhimento psicológico dos PPE,Não,4,4,Positivo (4-5),Orientação e supervisão direta,4,4,Alto desafio (4-5),Nada a relatar,Nada a relatar,4,4,Sim (Possui protocolos),É fundamental,Acompanhamento por servidor mais experiente,4,4,WhatsApp exclusivo,Semanalmente,4,4,4,4,2,2,3,3,4,4,4,4,O projeto fazer um acolhimento psicológico dos PPE,Não
2025-09-04T10:25:16Z,2025,5,Acompanhamento do desempenho e frequência dos jovens,5,"O lidar com pessoas que não tem a compreensão do ''ser profissional'', falta de comunicação por parte da FESF e o tempo de contrato.","Passagem de conhecimento, acolhimento e ponderação (como exPPE)",4,Sim,Contribui em alguma medida,Todas as opções acima,1,Whatsapp,Semanalmente,4,3,5,3,4,4,Diminuir quantidade de PPEs por monitores,"Repasse de transporte e atenção as demandas dos PPES, por vezes os colaboradores ficam sem resposta e apoio.",5,5,Positivo (4-5),Acompanhamento de desempenho e frequência,5,5,Alto desafio (4-5),"O lidar com pessoas que não tem a compreensão do ''ser profissional'', falta de comunicação por parte da FESF e o tempo de contrato.","Passagem de conhecimento, acolhimento e ponderação (como exPPE)",4,4,Sim (Possui protocolos),Contribui em alguma medida,Múltiplas formas / Outras práticas,1,1,WhatsApp exclusivo,Semanalmente,4,4,3,3,5,5,3,3,4,4,4,4,Diminuir quantidade de PPEs por monitores,"Repasse de transporte e atenção as demandas dos PPES, por vezes os colaboradores ficam sem resposta e apoio."
2025-09-04T10:45:21Z,2025,5,Acompanhamento do desempenho e frequência dos jovens,4,Ingerência sobre as substituições; Não ter datas de entrada definida; Falta de opção em escolha por formação especifica,Engajamento dos TE; Apoio e monitoramento do mediador e Projeto de melhoria,5,Sim,É fundamental,Participação em eventos de integração,5,Whatsapp,Diariamente,2,3,5,3,3,4,Quando da avaliação de desempenho insatisfatoria ter opção de substituição; Informação da FESF ao Ponto focal em situação de ferias (hoje somos informados pelo TE); Comunicar ao ponto focal as datas de chegada dos novos.,Demora na confecção dos crachás e atraso de benefícios,5,5,Positivo (4-5),Acompanhamento de desempenho e frequência,4,4,Alto desafio (4-5),Ingerência sobre as substituições; Não ter datas de entrada definida; Falta de opção em escolha por formação especifica,Engajamento dos TE; Apoio e monitoramento do mediador e Projeto de melhoria,5,5,Sim (Possui protocolos),É fundamental,Múltiplas formas / Outras práticas,5,5,WhatsApp exclusivo,Diariamente,2,2,3,3,5,5,3,3,3,3,4,4,Quando da avaliação de desempenho insatisfatoria ter opção de substituição; Informação da FESF ao Ponto focal em situação de ferias (hoje somos informados pelo TE); Comunicar ao ponto focal as datas de chegada dos novos.,Demora na confecção dos crachás e atraso de benefícios
2025-09-04T11:15:11Z,2025,5,Orientação e supervisão direta das atividades dos jovens,5,"falta de recursos e tempo, a necessidade de lidar com diferentes níveis de comunicação","centralização da comunicação e a responsabilidade pela gestão do conhecimento e processos dentro da  unidade,",5,Sim,Contribui significativamente,Acompanhamento por um profissional/colega ou servidor mais experiente,5,E-mail,Diariamente,5,5,5,5,5,5,treinamento especificos na área de atuação,não,5,5,Positivo (4-5),Orientação e supervisão direta,5,5,Alto desafio (4-5),"falta de recursos e tempo, a necessidade de lidar com diferentes níveis de comunicação","centralização da comunicação e a responsabilidade pela gestão do conhecimento e processos dentro da unidade,",5,5,Sim (Possui protocolos),Contribui significativamente,Acompanhamento por servidor mais experiente,5,5,E-mail exclusivo,Diariamente,5,5,5,5,5,5,5,5,5,5,5,5,treinamento especificos na área de atuação,não
2025-09-04T12:05:42Z,2025,5,Acompanhamento do desempenho e frequência dos jovens,4,Primeiro que não sei qual seria a atribuição de ponto focal e desconhecimento da proposta do programa e disponibilidade de tempo para acompanhar de forma mais efetiva,Boa relação interpessoal e integração no serviço,4,Talvez,Contribui significativamente,Acompanhamento por um profissional/colega ou servidor mais experiente,2,Tive um contato pessoal com a representante da FESF,Diariamente,3,5,2,4,5,5,"Melhor articulação do projeto com o serviço, expectativa e objetivos","Melhor articulação do projeto com o serviço, expectativa e objetivos",5,5,Positivo (4-5),Acompanhamento de desempenho e frequência,4,4,Alto desafio (4-5),Primeiro que não sei qual seria a atribuição de ponto focal e desconhecimento da proposta do programa e disponibilidade de tempo para acompanhar de forma mais efetiva,Boa relação interpessoal e integração no serviço,4,4,Não tenho certeza / Talvez,Contribui significativamente,Acompanhamento por servidor mais experiente,2,2,Outros canais,Diariamente,3,3,5,5,2,2,4,4,5,5,5,5,"Melhor articulação do projeto com o serviço, expectativa e objetivos","Melhor articulação do projeto com o serviço, expectativa e objetivos"
2025-09-04T14:36:09Z,2025,3,Acolhimento e integração dos jovens,3,E fazer o jovem entender,são,5,Não,Contribui significativamente,Apresentação formal à equipe,1,Whatsapp,Mensalmente,5,5,3,1,5,5,Deixar claro para PPE que serão aproveitados na area de sua formação e não onde se sinta confortável.,"Deixar claro para eles que serão dispensados com um ano de contrato,não deixando margem a esperanças de permanência. fazendo com que o PPE projete sua  viada para 2 anos e quando é dispensado com um ano fica ,com a mão na cabeça pedindo pra ser prorrogado o contrato e o ponto focal não pode fazer nada.",3,3,Neutro (3),Outras atribuições,3,3,Desafio moderado (3),E fazer o jovem entender,são,5,5,Não (Não possui),Contribui significativamente,Apresentação formal à equipe,1,1,WhatsApp exclusivo,Quinzenalmente ou Mensalmente,5,5,5,5,3,3,1,1,5,5,5,5,Deixar claro para PPE que serão aproveitados na area de sua formação e não onde se sinta confortável.,"Deixar claro para eles que serão dispensados com um ano de contrato,não deixando margem a esperanças de permanência. fazendo com que o PPE projete sua viada para 2 anos e quando é dispensado com um ano fica ,com a mão na cabeça pedindo pra ser prorrogado o contrato e o ponto focal não pode fazer nada."
2025-09-04T15:14:39Z,2025,5,Acompanhamento do desempenho e frequência dos jovens,5,"Garantir que o aprendizado técnico venha acompanhado do desenvolvimento comportamental( postura ética, trabalho em equipe, responsabilidade) / Mediar dificuldades relacionadas á hierarquia e ao convívio interpessoal / Conciliar interesses da empresa( resultados e postura profissional com os do PE( desenvolvimento, primeiras experiências)","O ponto focal aprimora habilidades de liderança, comunicação e organização/ Vivenciar de perto a evolução do jovem( técnica e comportamental) gera satisfação profissional / A função do ponto focal é estratégica e reforça o papel do profissional como referência dentro da instituição.",5,Sim,É fundamental,Apresentação formal à equipe,3,E-mail,Diariamente,5,5,1,4,5,5,"Promover escuta qualificada, permitindo que o PPE exponha suas expectativas e inseguranças/ Promover rodas de conversas entre os PPE, gestores e formadores, visando alinhar expectativas / Utilizar ferramentas de comunicação adequadas( reuniões breves, e-mails formais, aplicativos institucionais).",Não identifico inconformidades,5,5,Positivo (4-5),Acompanhamento de desempenho e frequência,5,5,Alto desafio (4-5),"Garantir que o aprendizado técnico venha acompanhado do desenvolvimento comportamental( postura ética, trabalho em equipe, responsabilidade) / Mediar dificuldades relacionadas á hierarquia e ao convívio interpessoal / Conciliar interesses da empresa( resultados e postura profissional com os do PE( desenvolvimento, primeiras experiências)","O ponto focal aprimora habilidades de liderança, comunicação e organização/ Vivenciar de perto a evolução do jovem( técnica e comportamental) gera satisfação profissional / A função do ponto focal é estratégica e reforça o papel do profissional como referência dentro da instituição.",5,5,Sim (Possui protocolos),É fundamental,Apresentação formal à equipe,3,3,E-mail exclusivo,Diariamente,5,5,5,5,1,1,4,4,5,5,5,5,"Promover escuta qualificada, permitindo que o PPE exponha suas expectativas e inseguranças/ Promover rodas de conversas entre os PPE, gestores e formadores, visando alinhar expectativas / Utilizar ferramentas de comunicação adequadas( reuniões breves, e-mails formais, aplicativos institucionais).",Não identifico inconformidades
2025-09-04T15:14:48Z,2025,5,Orientação e supervisão direta das atividades dos jovens,5,"Adaptação na realização das atividades propostas, amadurecimento profissional e trabalho com a equipe multiprofissional","Inovações no processo de trabalho, criatividade e disponibilidade para o amprendizado",5,Não,É fundamental,Participação em eventos de integração,5,Whatsapp,Semanalmente,2,5,4,4,5,4,"Prática de escuta ativa, empatia/feedback e articulação com outras unidades institucionais",Alocar os jovens próximos a sua residência,5,5,Positivo (4-5),Orientação e supervisão direta,5,5,Alto desafio (4-5),"Adaptação na realização das atividades propostas, amadurecimento profissional e trabalho com a equipe multiprofissional","Inovações no processo de trabalho, criatividade e disponibilidade para o amprendizado",5,5,Não (Não possui),É fundamental,Múltiplas formas / Outras práticas,5,5,WhatsApp exclusivo,Semanalmente,2,2,5,5,4,4,4,4,5,5,4,4,"Prática de escuta ativa, empatia/feedback e articulação com outras unidades institucionais",Alocar os jovens próximos a sua residência
2025-09-04T15:43:57Z,2025,5,Orientação e supervisão direta das atividades dos jovens,5,ATE O MOMENTO NAO TENHO,"SOU PACIENTE , TENHO PRAZER EM ORIENTAR,",5,Sim,É fundamental,TODAS AS REPOSTAS ACIMA,5,RH DA INSTITUIÇÃO,Diariamente,2,5,2,5,5,5,PALESTRAS,NAO,5,5,Positivo (4-5),Orientação e supervisão direta,5,5,Alto desafio (4-5),ATE O MOMENTO NAO TENHO,"SOU PACIENTE , TENHO PRAZER EM ORIENTAR,",5,5,Sim (Possui protocolos),É fundamental,Múltiplas formas / Outras práticas,5,5,Outros canais,Diariamente,2,2,5,5,2,2,5,5,5,5,5,5,PALESTRAS,NAO
2025-09-04T16:56:43Z,2025,5,Acolhimento e integração dos jovens,3,"Principalmente em se tratando deste grupo vigente, considero o uso do fardamento, crachá e o cumprimento dos prazos estabelecidos pela FESF referente a frequência e avaliações em geral.","Fazer parte do projeto, acompanhando e contribuir para o processo de amadurecimento e desenvolvimento profissional dos TE´s",4,Sim,É fundamental,todas as resposta acima,4,"E-mail, Whatsapp, telefone, reuniões presenciais.","As atividades laborais, funcionaisPor essa perspectiva, eles são acompanhados pelo representante do setor(chefia imediata).",3,4,4,4,3,3,Condição para o gestor da unidade avaliar o perfil do TE no acolhimento ou período de experiência antes de sua contratação,"O Projeto é muito bem elaborado e executado. Porém como todo projeto, sempre está sujeito a ajustes ou alterações",5,5,Positivo (4-5),Outras atribuições,3,3,Desafio moderado (3),"Principalmente em se tratando deste grupo vigente, considero o uso do fardamento, crachá e o cumprimento dos prazos estabelecidos pela FESF referente a frequência e avaliações em geral.","Fazer parte do projeto, acompanhando e contribuir para o processo de amadurecimento e desenvolvimento profissional dos TE´s",4,4,Sim (Possui protocolos),É fundamental,Múltiplas formas / Outras práticas,4,4,WhatsApp e E-mail integrados,Raramente / Eventual,3,3,4,4,4,4,4,4,3,3,3,3,Condição para o gestor da unidade avaliar o perfil do TE no acolhimento ou período de experiência antes de sua contratação,"O Projeto é muito bem elaborado e executado. Porém como todo projeto, sempre está sujeito a ajustes ou alterações"
2025-09-04T21:03:58Z,2025,5,Acompanhamento do desempenho e frequência dos jovens,3,"1. Poder ajudar em tudo que necessitam;
2. Ser austero quando necessário;
3. Tempo disponível para dedicar ao Projeto, sempre curto, em função das muitas atribuições","1. Equilíbrio na condução dos processos de trabalho;
2. Respeito, amizade e profissionalismo com reciprocidade exigido nas relações de trabalho e interpessoais;
3. habilidade para negociar o que é possível, sem desrespeitar os direitos dos outros;",4,Sim,É fundamental,"Acesso a materiais institucionais (manuais, guias, outros)",4,Whatsapp,Mensalmente,3,4,4,4,4,4,"Mais frequência de visitas da supervisão à unidade
 no que concerne ao acompanhamento e comunicação","Nem todos são proativos e demonstram interesse em participar mais efetivamente. Talvez a seleção deva ser mais rigorosa, haja vista que já tivemos problema com TE, a ponto de desistir e ser desligada(o) antes do término do contrato.",5,5,Positivo (4-5),Acompanhamento de desempenho e frequência,3,3,Desafio moderado (3),"1. Poder ajudar em tudo que necessitam; 2. Ser austero quando necessário; 3. Tempo disponível para dedicar ao Projeto, sempre curto, em função das muitas atribuições","1. Equilíbrio na condução dos processos de trabalho; 2. Respeito, amizade e profissionalismo com reciprocidade exigido nas relações de trabalho e interpessoais; 3. habilidade para negociar o que é possível, sem desrespeitar os direitos dos outros;",4,4,Sim (Possui protocolos),É fundamental,Múltiplas formas / Outras práticas,4,4,WhatsApp exclusivo,Quinzenalmente ou Mensalmente,3,3,4,4,4,4,4,4,4,4,4,4,Mais frequência de visitas da supervisão à unidade no que concerne ao acompanhamento e comunicação,"Nem todos são proativos e demonstram interesse em participar mais efetivamente. Talvez a seleção deva ser mais rigorosa, haja vista que já tivemos problema com TE, a ponto de desistir e ser desligada(o) antes do término do contrato."
2025-09-05T08:18:26Z,2025,5,Orientação e supervisão direta das atividades dos jovens,1,"a necessidade de garantir o alinhamento, tempo e a comunicação eficaz","Função de porta-voz, acesso à informação e a Consistência.",5,Sim,É fundamental,Participação em eventos de integração,1,Pouco contato,Diariamente,1,5,3,3,5,5,sem sugestoes,nao,5,5,Positivo (4-5),Orientação e supervisão direta,1,1,Baixo desafio (1-2),"a necessidade de garantir o alinhamento, tempo e a comunicação eficaz","Função de porta-voz, acesso à informação e a Consistência.",5,5,Sim (Possui protocolos),É fundamental,Múltiplas formas / Outras práticas,1,1,Outros canais,Diariamente,1,1,5,5,3,3,3,3,5,5,5,5,sem sugestoes,nao
2025-09-05T09:46:55Z,2025,5,Acompanhamento do desempenho e frequência dos jovens,4,"Gerenciamento de expectativas e comunicação, Equilíbrio de prioridades e Resolução de conflitos","Liderança participativa, proatividade e solucionar problemas",5,Sim,É fundamental,Acompanhamento por um profissional/colega ou servidor mais experiente,4,E-mail,Mensalmente,5,5,4,5,5,5,Manter o que está sendo feito com excelência,Aumentar o quadro de PE na unidade.,5,5,Positivo (4-5),Acompanhamento de desempenho e frequência,4,4,Alto desafio (4-5),"Gerenciamento de expectativas e comunicação, Equilíbrio de prioridades e Resolução de conflitos","Liderança participativa, proatividade e solucionar problemas",5,5,Sim (Possui protocolos),É fundamental,Acompanhamento por servidor mais experiente,4,4,E-mail exclusivo,Quinzenalmente ou Mensalmente,5,5,5,5,4,4,5,5,5,5,5,5,Manter o que está sendo feito com excelência,Aumentar o quadro de PE na unidade.
2025-09-05T10:32:26Z,2025,5,Orientação e supervisão direta das atividades dos jovens,3,"Equilibrar prioridades e gerenciar expectativas, mantendo a comunicação clara e consistente, são desafios  importantes para mim, pois me permitem aprender e evoluir constantemente, seja na resolução de problemas, no aprimoramento da comunicação.","Não centralização das Informações, me ajudam a oportunizar o  Aprendizado Contínuo e facilitando  a Colaboração entre a equpe",5,Sim,É fundamental,Acompanhamento por um profissional/colega ou servidor mais experiente,3,E-mail,Diariamente,3,5,2,4,5,5,"Com base em na minha experiência, um dos principais desafios para aprimorar o PPE é manter uma comunicação clara e consistente. Para isso, sugiro a criação de canais de feedback bidirecional, a utilização de uma linguagem simples e a manutenção de protocolos claros de acolhimento. Essas ações são essenciais para fortalecer a articulação entre as equipes e garantir um acompanhamento mais eficaz, tornando o programa mais robusto e centrado nas pessoas",Não,5,5,Positivo (4-5),Orientação e supervisão direta,3,3,Desafio moderado (3),"Equilibrar prioridades e gerenciar expectativas, mantendo a comunicação clara e consistente, são desafios importantes para mim, pois me permitem aprender e evoluir constantemente, seja na resolução de problemas, no aprimoramento da comunicação.","Não centralização das Informações, me ajudam a oportunizar o Aprendizado Contínuo e facilitando a Colaboração entre a equpe",5,5,Sim (Possui protocolos),É fundamental,Acompanhamento por servidor mais experiente,3,3,E-mail exclusivo,Diariamente,3,3,5,5,2,2,4,4,5,5,5,5,"Com base em na minha experiência, um dos principais desafios para aprimorar o PPE é manter uma comunicação clara e consistente. Para isso, sugiro a criação de canais de feedback bidirecional, a utilização de uma linguagem simples e a manutenção de protocolos claros de acolhimento. Essas ações são essenciais para fortalecer a articulação entre as equipes e garantir um acompanhamento mais eficaz, tornando o programa mais robusto e centrado nas pessoas",Não
2025-09-05T11:33:46Z,2025,5,Orientação e supervisão direta das atividades dos jovens,4,"Falta de experiência, pro atividade, flexibilidade da escala","Fácil aprendizagem, bom relacionamento,",4,Talvez,Contribui significativamente,Acompanhamento por um profissional/colega ou servidor mais experiente,3,Não tenho contato com a entidade parceira,Diariamente,4,2,5,2,4,5,Não tenho sugestão a dar,Não,5,5,Positivo (4-5),Orientação e supervisão direta,4,4,Alto desafio (4-5),"Falta de experiência, pro atividade, flexibilidade da escala","Fácil aprendizagem, bom relacionamento,",4,4,Não tenho certeza / Talvez,Contribui significativamente,Acompanhamento por servidor mais experiente,3,3,Outros canais,Diariamente,4,4,2,2,5,5,2,2,4,4,5,5,Não tenho sugestão a dar,Não
2025-09-05T21:46:32Z,2025,5,Acompanhamento do desempenho e frequência dos jovens,2,"Nao participar da selecao/escolha dos colaboradores, afastamentos frequentes para eventos promovidos pela fesf,",Facilidade de acesso aos responsáveis,5,Não,É fundamental,Apresentação formal à equipe,4,E-mail,Diariamente,1,5,4,4,3,4,O acolhimento juntamente com um preposto fesf,A participação do local de atuação/trabalho na selecao/escolha do jovem,5,5,Positivo (4-5),Acompanhamento de desempenho e frequência,2,2,Baixo desafio (1-2),"Nao participar da selecao/escolha dos colaboradores, afastamentos frequentes para eventos promovidos pela fesf,",Facilidade de acesso aos responsáveis,5,5,Não (Não possui),É fundamental,Apresentação formal à equipe,4,4,E-mail exclusivo,Diariamente,1,1,5,5,4,4,4,4,3,3,4,4,O acolhimento juntamente com um preposto fesf,A participação do local de atuação/trabalho na selecao/escolha do jovem
2025-09-08T10:09:28Z,2025,5,Acolhimento e integração dos jovens,3,"cumprir multiplas demandas, lidar com as mudanças e comunicação clara.",agilidade na resolução de problemas e foco nas necessidades,5,Sim,É fundamental,Apresentação formal à equipe,5,E-mail,Diariamente,3,5,1,5,5,5,sem mais.,Aumentar o período do contrato e prorrogação do educando na unidade.,5,5,Positivo (4-5),Outras atribuições,3,3,Desafio moderado (3),"cumprir multiplas demandas, lidar com as mudanças e comunicação clara.",agilidade na resolução de problemas e foco nas necessidades,5,5,Sim (Possui protocolos),É fundamental,Apresentação formal à equipe,5,5,E-mail exclusivo,Diariamente,3,3,5,5,1,1,5,5,5,5,5,5,sem mais.,Aumentar o período do contrato e prorrogação do educando na unidade.
2025-09-08T15:33:03Z,2025,5,Acompanhamento do desempenho e frequência dos jovens,4,"Eu estou gerente do Setor Pessoal/RH do HELR, e diante ao grande fluxo de demandas das minhas atividades de rotina, vejo como desafio: acompanhamento mais próximo da evolução dos trabalhadores nos setores e conscientizar os trabalhadores sobre os cumprimentos de prazos e normas.",Acolher os trabalhadores quando chegam na unidade; Fazer a interlocução entre a unidade e o ponto focal da SESAB e FESF;  e ser a referência do PPE para eles na unidade.,4,Sim,É fundamental,O trabalhador PPE quando chega na unidade é acolhido no RH e passa por uma apresentação do histórico da unidade e os aspectos em Saúde Mental e fazemos ainda uma visita técnica nos setores da unidade.,4,na unidade temos uma sala da FESF  e a supervisora quase sempre está aqui,"Não tenho uma frequência estabelecida, contudo sempre converso com as chefia imediatas sobre o desempenho dos trabalhadores e busco sempre estar proxima a eles e conversar sobre o desenvolvimento do trabalho",3,3,5,2,3,4,"O PPE é muito bom, toda a estrutura e profissionais os quais tenho contato atendem bem as expectativas. Acredito que sobre o acompanhamento, poderia ser mais intensivo junto aos trabalhadores no sentido de estimular a melhoria do perfil profissional e comportamento institucional.",não identifico,5,5,Positivo (4-5),Acompanhamento de desempenho e frequência,4,4,Alto desafio (4-5),"Eu estou gerente do Setor Pessoal/RH do HELR, e diante ao grande fluxo de demandas das minhas atividades de rotina, vejo como desafio: acompanhamento mais próximo da evolução dos trabalhadores nos setores e conscientizar os trabalhadores sobre os cumprimentos de prazos e normas.",Acolher os trabalhadores quando chegam na unidade; Fazer a interlocução entre a unidade e o ponto focal da SESAB e FESF; e ser a referência do PPE para eles na unidade.,4,4,Sim (Possui protocolos),É fundamental,Múltiplas formas / Outras práticas,4,4,Outros canais,Raramente / Eventual,3,3,3,3,5,5,2,2,3,3,4,4,"O PPE é muito bom, toda a estrutura e profissionais os quais tenho contato atendem bem as expectativas. Acredito que sobre o acompanhamento, poderia ser mais intensivo junto aos trabalhadores no sentido de estimular a melhoria do perfil profissional e comportamento institucional.",não identifico
2025-09-09T10:57:47Z,2025,5,Orientação e supervisão direta das atividades dos jovens,4,Acolher a diversidade de personalidades dos jovens. Estimular comprometimento. Incentivar boas relações interpessoais,Contribuir com o fortalecimento do aprendizado. Interagir com os jovens e suas expectativas. Colaborar com a formação de bons profissionais para o mercado de trabalho,4,Sim,Contribui significativamente,Participação em eventos de integração,4,Whatsapp,Diariamente,1,4,4,4,4,4,sem sugestão,não,5,5,Positivo (4-5),Orientação e supervisão direta,4,4,Alto desafio (4-5),Acolher a diversidade de personalidades dos jovens. Estimular comprometimento. Incentivar boas relações interpessoais,Contribuir com o fortalecimento do aprendizado. Interagir com os jovens e suas expectativas. Colaborar com a formação de bons profissionais para o mercado de trabalho,4,4,Sim (Possui protocolos),Contribui significativamente,Múltiplas formas / Outras práticas,4,4,WhatsApp exclusivo,Diariamente,1,1,4,4,4,4,4,4,4,4,4,4,sem sugestão,não
2025-09-11T06:06:11Z,2025,5,Orientação e supervisão direta das atividades dos jovens,5,"Interesse dos beneficiários, capacitação dos beneficiários, e as despedidas, quando eles ficam treinados vão embora.","Apoio da gestão, a convivência com os jovens,  poder passar pra eles o funcionamento do serviço.",4,Não,É fundamental,Acompanhamento por um profissional/colega ou servidor mais experiente,2,Reuniões presenciais,Diariamente,5,5,5,3,5,5,"Aqui na unidade o acolhimento é realizado em outra unidade,  é outro serviço completamente diferente, outra realidade o que tem impactado negativamente.","Aqui na unidade são os únicos profissionais que temos, se tirar fecha o serviço.",5,5,Positivo (4-5),Orientação e supervisão direta,5,5,Alto desafio (4-5),"Interesse dos beneficiários, capacitação dos beneficiários, e as despedidas, quando eles ficam treinados vão embora.","Apoio da gestão, a convivência com os jovens, poder passar pra eles o funcionamento do serviço.",4,4,Não (Não possui),É fundamental,Acompanhamento por servidor mais experiente,2,2,Outros canais,Diariamente,5,5,5,5,5,5,3,3,5,5,5,5,"Aqui na unidade o acolhimento é realizado em outra unidade, é outro serviço completamente diferente, outra realidade o que tem impactado negativamente.","Aqui na unidade são os únicos profissionais que temos, se tirar fecha o serviço."
2025-09-17T08:31:49Z,2025,5,Orientação e supervisão direta das atividades dos jovens,3,Ausência de contato direto com a gestão da FESF SUS; onde no HGESF ocorre através do RH.,"Acolhimento, Orientação e Coordenação.",5,Sim,É fundamental,"Com todo cuidado, orientação e atenção",1,Todo contato ocorre através do RH da Unidade. A gestão atual sequer responde WhatsApp ou atende as ligações.,Diariamente,1,5,2,5,4,5,Considero fundamental a melhoria da comunicação entre as Coordenações.,"Relação entre as gestões/coordenações. 
O Rh da Unidade não pode responder pela Coordenação do Setor, no qual se encontra o beneficiário do programa.",5,5,Positivo (4-5),Orientação e supervisão direta,3,3,Desafio moderado (3),Ausência de contato direto com a gestão da FESF SUS; onde no HGESF ocorre através do RH.,"Acolhimento, Orientação e Coordenação.",5,5,Sim (Possui protocolos),É fundamental,Múltiplas formas / Outras práticas,1,1,WhatsApp exclusivo,Diariamente,1,1,5,5,2,2,5,5,4,4,5,5,Considero fundamental a melhoria da comunicação entre as Coordenações.,"Relação entre as gestões/coordenações. O Rh da Unidade não pode responder pela Coordenação do Setor, no qual se encontra o beneficiário do programa."
2025-09-17T10:20:05Z,2025,5,Desde o acolhimento ao processo de término de contrato.,3,Situações de não pagamento de vale transporte no período adequado; possível incompatibilidade para cumprimento da escala de serviço; não adequação às normas da instituição.,Acolhimento do novo colaborador; capacidade de dialogar e intermediar situações; estar à disposição para auxiliar em demandas.,4,Sim,É fundamental,Acompanhamento por um profissional/colega ou servidor mais experiente,3,Whatsapp,Não há uma periodicidade exata.,4,4,2,4,4,4,"Acredito que seria interessante que o ponto focal tivesse acesso às informações ou resoluções de situações referentes ao portal RH, como por exemplo confirmação de programação de férias ou até mesmo o envio de registros de acidentes de trabalho.",Alguns trabalhadores educandos têm questionado quanto ao atraso do pagamento de vale transporte.,5,5,Positivo (4-5),Outras atribuições,3,3,Desafio moderado (3),Situações de não pagamento de vale transporte no período adequado; possível incompatibilidade para cumprimento da escala de serviço; não adequação às normas da instituição.,Acolhimento do novo colaborador; capacidade de dialogar e intermediar situações; estar à disposição para auxiliar em demandas.,4,4,Sim (Possui protocolos),É fundamental,Acompanhamento por servidor mais experiente,3,3,WhatsApp exclusivo,Raramente / Eventual,4,4,4,4,2,2,4,4,4,4,4,4,"Acredito que seria interessante que o ponto focal tivesse acesso às informações ou resoluções de situações referentes ao portal RH, como por exemplo confirmação de programação de férias ou até mesmo o envio de registros de acidentes de trabalho.",Alguns trabalhadores educandos têm questionado quanto ao atraso do pagamento de vale transporte.
2025-09-17T12:49:27Z,2025,5,Acolhimento e integração dos jovens,4,"1 - Não ter concurso público. Para aervidores.
2 -  A forma de escolha de participar  no PPE.
3 - Avaliar a cada 6 meses os participantes.","1 - O acolhimento  e orientação. 
2 - O diálogo  permanente.
3 - O contato direto.",4,Sim,É fundamental,Acompanhamento por um profissional/colega ou servidor mais experiente,4,Whatsapp,Mensalmente,4,5,5,3,4,4,Ter contato permanente.,não,5,5,Positivo (4-5),Outras atribuições,4,4,Alto desafio (4-5),1 - Não ter concurso público. Para aervidores. 2 - A forma de escolha de participar no PPE. 3 - Avaliar a cada 6 meses os participantes.,1 - O acolhimento e orientação. 2 - O diálogo permanente. 3 - O contato direto.,4,4,Sim (Possui protocolos),É fundamental,Acompanhamento por servidor mais experiente,4,4,WhatsApp exclusivo,Quinzenalmente ou Mensalmente,4,4,5,5,5,5,3,3,4,4,4,4,Ter contato permanente.,não
2025-09-17T14:21:40Z,2025,4,Acompanhamento do desempenho e frequência dos jovens,5,Nenhum.,"Diálogo, orientação e acolher",4,Talvez,É fundamental,Apresentação formal à equipe,5,Whatsapp,Mensalmente,3,5,4,4,5,5,Interagir mais,Não,4,4,Positivo (4-5),Acompanhamento de desempenho e frequência,5,5,Alto desafio (4-5),Nenhum.,"Diálogo, orientação e acolher",4,4,Não tenho certeza / Talvez,É fundamental,Apresentação formal à equipe,5,5,WhatsApp exclusivo,Quinzenalmente ou Mensalmente,3,3,5,5,4,4,4,4,5,5,5,5,Interagir mais,Não
2025-09-17T15:32:46Z,2025,3,Acolhimento e integração dos jovens,1,Nenhum,Nenhuma,3,Talvez,Contribui em alguma medida,Apresentação formal à equipe,3,Whatsapp,Nao acompanho,3,5,3,3,4,4,Nao tenho sugestão,Prefiro nao opinar,3,3,Neutro (3),Outras atribuições,1,1,Baixo desafio (1-2),Nenhum,Nenhuma,3,3,Não tenho certeza / Talvez,Contribui em alguma medida,Apresentação formal à equipe,3,3,WhatsApp exclusivo,Raramente / Eventual,3,3,5,5,3,3,3,3,4,4,4,4,Nao tenho sugestão,Prefiro nao opinar
2025-09-17T15:35:04Z,2025,3,Orientação e supervisão direta das atividades dos jovens,5,"Falta de responsabilidade,Falta de  iniciativa, brincadeira em excesso.","Facilidade em ensinar, Sempre prestativo, Respeito",4,Talvez,É fundamental,Acompanhamento por um profissional/colega ou servidor mais experiente,4,Whatsapp,Diariamente,4,2,2,4,3,5,Acompanhamento maior do supervisor do programa PPEs com os mesmos; Maior rigidez na cobrança com os PPEs.,Sim. Deveria ter um acompanhamento mais próximo do Supervisor com as chefias imediatas.,3,3,Neutro (3),Orientação e supervisão direta,5,5,Alto desafio (4-5),"Falta de responsabilidade,Falta de iniciativa, brincadeira em excesso.","Facilidade em ensinar, Sempre prestativo, Respeito",4,4,Não tenho certeza / Talvez,É fundamental,Acompanhamento por servidor mais experiente,4,4,WhatsApp exclusivo,Diariamente,4,4,2,2,2,2,4,4,3,3,5,5,Acompanhamento maior do supervisor do programa PPEs com os mesmos; Maior rigidez na cobrança com os PPEs.,Sim. Deveria ter um acompanhamento mais próximo do Supervisor com as chefias imediatas.
2025-09-17T16:49:40Z,2025,4,Orientação e supervisão direta das atividades dos jovens,4,Pessoas com dificuldade de execução das atividades esperadas,"Bom contato com responsável direto,",4,Sim,Contribui em alguma medida,Participação em eventos de integração,4,Whatsapp,Diariamente,1,3,4,3,4,4,Melhor tempo de integração,Não,4,4,Positivo (4-5),Orientação e supervisão direta,4,4,Alto desafio (4-5),Pessoas com dificuldade de execução das atividades esperadas,"Bom contato com responsável direto,",4,4,Sim (Possui protocolos),Contribui em alguma medida,Múltiplas formas / Outras práticas,4,4,WhatsApp exclusivo,Diariamente,1,1,3,3,4,4,3,3,4,4,4,4,Melhor tempo de integração,Não
2025-09-17T17:22:51Z,2025,4,Acompanhamento do desempenho e frequência dos jovens,4,"falta de diálogo, interaçâo, criatividade",A comumicação a motivação e bem estar no ambiente de trabalho,3,Sim,Contribui em alguma medida,Acompanhamento por um profissional/colega ou servidor mais experiente,3,E-mail,Diariamente,3,3,3,3,3,4,O conhecimento é fundamental,nâo,4,4,Positivo (4-5),Acompanhamento de desempenho e frequência,4,4,Alto desafio (4-5),"falta de diálogo, interaçâo, criatividade",A comumicação a motivação e bem estar no ambiente de trabalho,3,3,Sim (Possui protocolos),Contribui em alguma medida,Acompanhamento por servidor mais experiente,3,3,E-mail exclusivo,Diariamente,3,3,3,3,3,3,3,3,3,3,4,4,O conhecimento é fundamental,nâo
2025-09-17T19:56:39Z,2025,5,Acolhimento e integração dos jovens,3,Gerenciar os conflitos interpessoais,Os jovens geralmente tem facilidade para aprender e isso torna melhor o nosso trabalho,5,Não,É fundamental,Acompanhamento por um profissional/colega ou servidor mais experiente,4,Whatsapp,Mensalmente,3,3,4,3,3,3,Deveria ter algum projeto visando a integração entre eles no ambiente de trabalho,Precisa organizar melhor na distribuição dos uniformes e crachás e depois ao final dos contratos ja que solicitam a devolução de uniformes e crachas que se responsabilizem por levar de volta para Salvador ou dar oitro destino.,5,5,Positivo (4-5),Outras atribuições,3,3,Desafio moderado (3),Gerenciar os conflitos interpessoais,Os jovens geralmente tem facilidade para aprender e isso torna melhor o nosso trabalho,5,5,Não (Não possui),É fundamental,Acompanhamento por servidor mais experiente,4,4,WhatsApp exclusivo,Quinzenalmente ou Mensalmente,3,3,3,3,4,4,3,3,3,3,3,3,Deveria ter algum projeto visando a integração entre eles no ambiente de trabalho,Precisa organizar melhor na distribuição dos uniformes e crachás e depois ao final dos contratos ja que solicitam a devolução de uniformes e crachas que se responsabilizem por levar de volta para Salvador ou dar oitro destino.
2025-09-18T07:04:11Z,2025,5,Orientação e supervisão direta das atividades dos jovens,5,"Orientação constante 
Estímulo para interesse das atividades do trabalho no cotidiano
Demonstrar a importância das atividades em foco não como uma rotina mas como importância da atividade a exercer","Supervisão 
Orientação 
Estímulo no desenvolvimento das atividades do cotidiano",4,Não,É fundamental,Acompanhamento por um profissional/colega ou servidor mais experiente,1,E-mail,Diariamente,4,5,4,4,4,4,Estímulo e valorização dos mesmos da do foco a importância e possível estabilidade.,Não,5,5,Positivo (4-5),Orientação e supervisão direta,5,5,Alto desafio (4-5),Orientação constante Estímulo para interesse das atividades do trabalho no cotidiano Demonstrar a importância das atividades em foco não como uma rotina mas como importância da atividade a exercer,Supervisão Orientação Estímulo no desenvolvimento das atividades do cotidiano,4,4,Não (Não possui),É fundamental,Acompanhamento por servidor mais experiente,1,1,E-mail exclusivo,Diariamente,4,4,5,5,4,4,4,4,4,4,4,4,Estímulo e valorização dos mesmos da do foco a importância e possível estabilidade.,Não
2025-09-18T09:41:29Z,2025,5,Acompanhamento do desempenho e frequência dos jovens,2,"Não temos desafios no momento, a equipe de PPE e excelente e comprometida.",Na unidade da qual faço  temos a possibilidade de remanejar o PPE de setor quando ele não se adapta .,5,Não,É fundamental,Acompanhamento por um profissional/colega ou servidor mais experiente,5,Whatsapp,Diariamente,1,5,1,5,5,5,"O Projeto é excelente ,no momento não tenho sugestões para aprimorar.",No momento não.,5,5,Positivo (4-5),Acompanhamento de desempenho e frequência,2,2,Baixo desafio (1-2),"Não temos desafios no momento, a equipe de PPE e excelente e comprometida.",Na unidade da qual faço temos a possibilidade de remanejar o PPE de setor quando ele não se adapta .,5,5,Não (Não possui),É fundamental,Acompanhamento por servidor mais experiente,5,5,WhatsApp exclusivo,Diariamente,1,1,5,5,1,1,5,5,5,5,5,5,"O Projeto é excelente ,no momento não tenho sugestões para aprimorar.",No momento não.
2025-09-18T14:02:51Z,2025,5,Acompanhamento do desempenho e frequência dos jovens,4,"Mediar as relações interpessoais entre os PPE's e Coordenações de setores;
Controlar a frequência;
Acompanhar e orientar sobre questões comportamentais.","O pronto atendimento dos monitores quando solicitados, bem como, da equipe Multi disciplinar na resolução das demandas encaminhadas.",5,Sim,É fundamental,Acompanhamento por um profissional/colega ou servidor mais experiente,5,Whatsapp,Diariamente,3,3,4,3,3,3,Sem sugestões.,"Criação de normas e critérios para desligamento ou afastamento, quando o não enquadramento dos beneficiários.",5,5,Positivo (4-5),Acompanhamento de desempenho e frequência,4,4,Alto desafio (4-5),Mediar as relações interpessoais entre os PPE's e Coordenações de setores; Controlar a frequência; Acompanhar e orientar sobre questões comportamentais.,"O pronto atendimento dos monitores quando solicitados, bem como, da equipe Multi disciplinar na resolução das demandas encaminhadas.",5,5,Sim (Possui protocolos),É fundamental,Acompanhamento por servidor mais experiente,5,5,WhatsApp exclusivo,Diariamente,3,3,3,3,4,4,3,3,3,3,3,3,Sem sugestões.,"Criação de normas e critérios para desligamento ou afastamento, quando o não enquadramento dos beneficiários."
2025-09-18T14:45:58Z,2025,5,Acompanhamento do desempenho e frequência dos jovens,2,Falta de diálogo entre os focais e os coordenadores do projeto.,Facilidade de comunicação com os TE's,5,Sim,Contribui significativamente,Acompanhamento por um profissional/colega ou servidor mais experiente,2,Whatsapp,Diariamente,2,4,1,5,5,5,Mais treinamentos.,A comunicação do ponto focal com os coordenadores.,5,5,Positivo (4-5),Acompanhamento de desempenho e frequência,2,2,Baixo desafio (1-2),Falta de diálogo entre os focais e os coordenadores do projeto.,Facilidade de comunicação com os TE's,5,5,Sim (Possui protocolos),Contribui significativamente,Acompanhamento por servidor mais experiente,2,2,WhatsApp exclusivo,Diariamente,2,2,4,4,1,1,5,5,5,5,5,5,Mais treinamentos.,A comunicação do ponto focal com os coordenadores.
2025-09-18T15:09:55Z,2025,4,Orientação e supervisão direta das atividades dos jovens,4,dificuldade em lidar com alguns PPE/Avaliar aquele que tem dificuldade em desenvolver atividades/manter a harmonia entre PPE e demais técnicos,muito diálogo/interação e disponibilidade para ouvi-los,4,Sim,Contribui significativamente,Acompanhamento por um profissional/colega ou servidor mais experiente,4,E-mail,Diariamente,4,3,5,4,3,4,"Penso que melhorar os critérios de seleção/aquele que não está sendo bem avaliado, não renovar contrato",Atentar-se para a avaliação,4,4,Positivo (4-5),Orientação e supervisão direta,4,4,Alto desafio (4-5),dificuldade em lidar com alguns PPE/Avaliar aquele que tem dificuldade em desenvolver atividades/manter a harmonia entre PPE e demais técnicos,muito diálogo/interação e disponibilidade para ouvi-los,4,4,Sim (Possui protocolos),Contribui significativamente,Acompanhamento por servidor mais experiente,4,4,E-mail exclusivo,Diariamente,4,4,3,3,5,5,4,4,3,3,4,4,"Penso que melhorar os critérios de seleção/aquele que não está sendo bem avaliado, não renovar contrato",Atentar-se para a avaliação
2025-09-18T15:40:59Z,2025,3,Acolhimento e integração dos jovens,1,1 COLOCAR EM LOCAL ADEQUADO,"1RECEBE-LOS
",4,Talvez,É fundamental,Acompanhamento por um profissional/colega ou servidor mais experiente,1,E-mail,NUNCA,5,3,3,3,5,5,ESCLARECER PARA O PPE QUE É CONTRATO TEMPORARIO,NÃO POSSO QUERER MUDAR UM PROGRAMA POR UMA INCONFORMIDADE QUE ACONTECE NO MEU SETOR.,3,3,Neutro (3),Outras atribuições,1,1,Baixo desafio (1-2),1 COLOCAR EM LOCAL ADEQUADO,1RECEBE-LOS,4,4,Não tenho certeza / Talvez,É fundamental,Acompanhamento por servidor mais experiente,1,1,E-mail exclusivo,Raramente / Eventual,5,5,3,3,3,3,3,3,5,5,5,5,ESCLARECER PARA O PPE QUE É CONTRATO TEMPORARIO,NÃO POSSO QUERER MUDAR UM PROGRAMA POR UMA INCONFORMIDADE QUE ACONTECE NO MEU SETOR.
2025-09-19T09:13:28Z,2025,5,Acolhimento e integração dos jovens,5,"Pouca frequência dos supervisores regionais, 
Disponibilidade de colaboradores na área de enfermagem","Boa adaptação dos colaboradores do PPE
Assiduidade e disponibilidade para desempenho das funções
Bom comportamento e atenção com todos",5,Talvez,Contribui significativamente,Acompanhamento por um profissional/colega ou servidor mais experiente,5,Whatsapp,Diariamente,4,5,4,4,5,5,"Um acompanhamento presencial da supervisão regional com mais frequência, para dialogo  e orientações para os colaboradores bem com aos gestores","Precisam considerar que nem todos os colaboradores tem a mesma estrutura física corporal, e geralmente manda as blusas só M, G. ´faz se necessário buscar saber o tamanho de cada colaborador pra mandar as blusas, (tenho um colaborador aqui que é tamanho Extra G, ""GGG"" e não tem farda.",5,5,Positivo (4-5),Outras atribuições,5,5,Alto desafio (4-5),"Pouca frequência dos supervisores regionais, Disponibilidade de colaboradores na área de enfermagem",Boa adaptação dos colaboradores do PPE Assiduidade e disponibilidade para desempenho das funções Bom comportamento e atenção com todos,5,5,Não tenho certeza / Talvez,Contribui significativamente,Acompanhamento por servidor mais experiente,5,5,WhatsApp exclusivo,Diariamente,4,4,5,5,4,4,4,4,5,5,5,5,"Um acompanhamento presencial da supervisão regional com mais frequência, para dialogo e orientações para os colaboradores bem com aos gestores","Precisam considerar que nem todos os colaboradores tem a mesma estrutura física corporal, e geralmente manda as blusas só M, G. ´faz se necessário buscar saber o tamanho de cada colaborador pra mandar as blusas, (tenho um colaborador aqui que é tamanho Extra G, ""GGG"" e não tem farda."
2025-09-19T11:09:05Z,2025,5,"Item 1,3 e 4",3,Melhorias na intermediação da comunicação com o órgão e coordenadores do estabelecimento de saúde.,Observar o desenvolvimento e melhoria do desempenho dos Técnicos Educandos.,3,Sim,Contribui em alguma medida,"Um pouco de cada item, porém ocorre em um período mais dilatado. Além disso, quando ocorre a comunicação prévia do encaminhamento do Técnico Educando permite uma melhor organização para seu acolhimento.",3,WhatsApp e E- mail.,Esse acompanhamento é feito de forma mais específica através dos coordenadores dos diferentes setores.,4,4,3,4,4,4,"Que seja realizado pelo menos um evento por semestre envolvendo a participação da FESF,
dos Técnicos Educandos, Pontos focais e coordenadores que tem em suas equipes integrantes do Programa.","A questão do envio da comunicação prévia indicando a data de início/ encaminhamento de Técnicos Educandos ao estabelecimento de Saúde, com vistas a obter melhorias nos processos de acolhimento e integração dos mesmos.",5,5,Positivo (4-5),Outras atribuições,3,3,Desafio moderado (3),Melhorias na intermediação da comunicação com o órgão e coordenadores do estabelecimento de saúde.,Observar o desenvolvimento e melhoria do desempenho dos Técnicos Educandos.,3,3,Sim (Possui protocolos),Contribui em alguma medida,Múltiplas formas / Outras práticas,3,3,WhatsApp exclusivo,Raramente / Eventual,4,4,4,4,3,3,4,4,4,4,4,4,"Que seja realizado pelo menos um evento por semestre envolvendo a participação da FESF, dos Técnicos Educandos, Pontos focais e coordenadores que tem em suas equipes integrantes do Programa.","A questão do envio da comunicação prévia indicando a data de início/ encaminhamento de Técnicos Educandos ao estabelecimento de Saúde, com vistas a obter melhorias nos processos de acolhimento e integração dos mesmos."
2025-09-19T11:14:54Z,2025,5,Orientação e supervisão direta das atividades dos jovens,4,"Equilibrar várias demandas e prazos concorrentes, manter o engajamento das partes envolvidas e garantir que todos sigam o mesmo direcionamento ao longo do tempo","Desenvolver resultados da organização, através do ensino e desenvolvimento do jovem.",5,Sim,Contribui significativamente,Acompanhamento por um profissional/colega ou servidor mais experiente,4,E-mail,Semanalmente,3,1,5,1,3,3,Monitorar e avaliar continuamente o desenvolvimento das ações previstas no PPE; Criação de indicadores claros de acompanhamento (quantitativos e qualitativos) alinhados às metas do PPE.,Não,5,5,Positivo (4-5),Orientação e supervisão direta,4,4,Alto desafio (4-5),"Equilibrar várias demandas e prazos concorrentes, manter o engajamento das partes envolvidas e garantir que todos sigam o mesmo direcionamento ao longo do tempo","Desenvolver resultados da organização, através do ensino e desenvolvimento do jovem.",5,5,Sim (Possui protocolos),Contribui significativamente,Acompanhamento por servidor mais experiente,4,4,E-mail exclusivo,Semanalmente,3,3,1,1,5,5,1,1,3,3,3,3,Monitorar e avaliar continuamente o desenvolvimento das ações previstas no PPE; Criação de indicadores claros de acompanhamento (quantitativos e qualitativos) alinhados às metas do PPE.,Não
2025-09-19T12:28:29Z,2025,5,Acolhimento e integração dos jovens,4,"Disponibilidade de tempo, variedade das questões existentes, compatibilização dos interesses entre os educandos e a Unidade","Parceria com nossas lideranças no desenvolvimento do Projeto, apoio da FESF, interesse dos educandos em se desenvolverem.",5,Sim,Contribui significativamente,Apresentação formal à equipe,4,Whatsapp,Na medida que surgem situações para a situação,2,4,3,3,4,4,"Precisamos criar um entendimento sobre o mercado de trabalho, pois a maioria dos educandos não identificam as normas e protocolos hierarquicos de forma clara.","O caminho é este que estamos seguindo, acompanhando o desenvolvimento , tanto no aspecto profissional quanto no comportamental e investindo mais em treinamento.",5,5,Positivo (4-5),Outras atribuições,4,4,Alto desafio (4-5),"Disponibilidade de tempo, variedade das questões existentes, compatibilização dos interesses entre os educandos e a Unidade","Parceria com nossas lideranças no desenvolvimento do Projeto, apoio da FESF, interesse dos educandos em se desenvolverem.",5,5,Sim (Possui protocolos),Contribui significativamente,Apresentação formal à equipe,4,4,WhatsApp exclusivo,Raramente / Eventual,2,2,4,4,3,3,3,3,4,4,4,4,"Precisamos criar um entendimento sobre o mercado de trabalho, pois a maioria dos educandos não identificam as normas e protocolos hierarquicos de forma clara.","O caminho é este que estamos seguindo, acompanhando o desenvolvimento , tanto no aspecto profissional quanto no comportamental e investindo mais em treinamento."
2025-09-19T14:25:43Z,2025,5,Acolhimento e integração dos jovens,3,Quando não temos a monitora presente na unidade; fluxo de comunicação com a FESF; interação com as atividades de capacitação realizadas pela FESF,Comunicação com a monitora; rapidez nas respostas às solicitações; interação com os trabalhadores educandos.,4,Não,É fundamental,Participação em eventos de integração,4,E-mail,conforme demanda,2,5,2,4,5,5,Reuniões regulares entre as instituições com articulação das atividades propostas,Acredito que as unidades maiores devam contar com uma monitoria exclusiva. A mudança para atenção à várias unidades dificulta o acompanhamento e desenvolvimento das atividades.,5,5,Positivo (4-5),Outras atribuições,3,3,Desafio moderado (3),Quando não temos a monitora presente na unidade; fluxo de comunicação com a FESF; interação com as atividades de capacitação realizadas pela FESF,Comunicação com a monitora; rapidez nas respostas às solicitações; interação com os trabalhadores educandos.,4,4,Não (Não possui),É fundamental,Múltiplas formas / Outras práticas,4,4,E-mail exclusivo,Raramente / Eventual,2,2,5,5,2,2,4,4,5,5,5,5,Reuniões regulares entre as instituições com articulação das atividades propostas,Acredito que as unidades maiores devam contar com uma monitoria exclusiva. A mudança para atenção à várias unidades dificulta o acompanhamento e desenvolvimento das atividades.
2025-09-20T10:04:54Z,2025,5,Acolhimento e integração dos jovens,2,"Integrar os educando as normas da instituição, passar o conhecimento teórico e práticos necessários para o desenvolvimento das atividades serem desempenhadas, manejar conflitos entre as indisciplinas.","Guiar o educando quanto ao esclarecimento de dúvidas no seu processo de aprendizagem, Monitorar e avaliar o seu desempenho , Promover um espaço de aprendizagem e aproveitamento quanto instituição e PPE.",5,Sim,Contribui significativamente,Acompanhamento por um profissional/colega ou servidor mais experiente,4,Whatsapp,Diariamente,4,5,3,5,4,4,"O programa PPE desenvolve um papel muito importante de aprendizagem e aproveitamento dentro das instituições para que possamos formar profissionais capacitados, e isso requer incentivo  na ampliação no numero de vagas dentro da nossa instituição.",Não,5,5,Positivo (4-5),Outras atribuições,2,2,Baixo desafio (1-2),"Integrar os educando as normas da instituição, passar o conhecimento teórico e práticos necessários para o desenvolvimento das atividades serem desempenhadas, manejar conflitos entre as indisciplinas.","Guiar o educando quanto ao esclarecimento de dúvidas no seu processo de aprendizagem, Monitorar e avaliar o seu desempenho , Promover um espaço de aprendizagem e aproveitamento quanto instituição e PPE.",5,5,Sim (Possui protocolos),Contribui significativamente,Acompanhamento por servidor mais experiente,4,4,WhatsApp exclusivo,Diariamente,4,4,5,5,3,3,5,5,4,4,4,4,"O programa PPE desenvolve um papel muito importante de aprendizagem e aproveitamento dentro das instituições para que possamos formar profissionais capacitados, e isso requer incentivo na ampliação no numero de vagas dentro da nossa instituição.",Não
2025-09-22T12:06:16Z,2025,5,Acolhimento e integração dos jovens,5,"Rcp, PCR, paciente em estados graves de entubação","Avp, cuidados aos pacientes",5,Sim,É fundamental,Acompanhamento por um profissional/colega ou servidor mais experiente,5,Whatsapp,Quinzenalmente,5,5,3,1,5,4,"Reunião frequentes, alguns treinamento para área hospitalar Técnico",Não,5,5,Positivo (4-5),Outras atribuições,5,5,Alto desafio (4-5),"Rcp, PCR, paciente em estados graves de entubação","Avp, cuidados aos pacientes",5,5,Sim (Possui protocolos),É fundamental,Acompanhamento por servidor mais experiente,5,5,WhatsApp exclusivo,Quinzenalmente ou Mensalmente,5,5,5,5,3,3,1,1,5,5,4,4,"Reunião frequentes, alguns treinamento para área hospitalar Técnico",Não
2025-09-22T12:34:28Z,2025,4,Acompanhamento do desempenho e frequência dos jovens,4,"Nível de conhecimento, pode deixar resolutividade",Boa aceitação,4,Sim,É fundamental,Acompanhamento por um profissional/colega ou servidor mais experiente,3,Whatsapp,Mensalmente,3,4,3,2,4,4,Vistorias,Falta de preparo técnico,4,4,Positivo (4-5),Acompanhamento de desempenho e frequência,4,4,Alto desafio (4-5),"Nível de conhecimento, pode deixar resolutividade",Boa aceitação,4,4,Sim (Possui protocolos),É fundamental,Acompanhamento por servidor mais experiente,3,3,WhatsApp exclusivo,Quinzenalmente ou Mensalmente,3,3,4,4,3,3,2,2,4,4,4,4,Vistorias,Falta de preparo técnico
2025-09-22T13:04:50Z,2025,5,Orientação e supervisão direta das atividades dos jovens,3,.,.,5,Sim,Contribui significativamente,Acompanhamento por um profissional/colega ou servidor mais experiente,3,E-mail,Mensalmente,2,5,4,3,5,5,.,.,5,5,Positivo (4-5),Orientação e supervisão direta,3,3,Desafio moderado (3),.,.,5,5,Sim (Possui protocolos),Contribui significativamente,Acompanhamento por servidor mais experiente,3,3,E-mail exclusivo,Quinzenalmente ou Mensalmente,2,2,5,5,4,4,3,3,5,5,5,5,.,.
2025-09-22T13:06:27Z,2025,5,Orientação e supervisão direta das atividades dos jovens,5,"Garantir um ambiente propenso para o desenvolvimentos dos jovens, direcionar os jovens no sentido de proporcionar um aprendizado eficaz e avaliar o aprendizado desenvolvido por cada jovem.","Acolhimento, experiência na área a qual supervisiono e comunicação efetiva.",5,Sim,É fundamental,Acompanhamento por um profissional/colega ou servidor mais experiente,3,Whatsapp,Diariamente,3,5,4,4,4,4,Os jovens do PPE deveriam desenvolver projetos de melhorias no ponto focal que está inserido.,Não,5,5,Positivo (4-5),Orientação e supervisão direta,5,5,Alto desafio (4-5),"Garantir um ambiente propenso para o desenvolvimentos dos jovens, direcionar os jovens no sentido de proporcionar um aprendizado eficaz e avaliar o aprendizado desenvolvido por cada jovem.","Acolhimento, experiência na área a qual supervisiono e comunicação efetiva.",5,5,Sim (Possui protocolos),É fundamental,Acompanhamento por servidor mais experiente,3,3,WhatsApp exclusivo,Diariamente,3,3,5,5,4,4,4,4,4,4,4,4,Os jovens do PPE deveriam desenvolver projetos de melhorias no ponto focal que está inserido.,Não
2025-09-22T13:41:46Z,2025,5,Orientação e supervisão direta das atividades dos jovens,5,"pontualidade, compromisso,  responsabilidade.","Dedicação, orientação. Amor ao próximo",5,Sim,Contribui significativamente,Participação em eventos de integração,5,Whatsapp,Diariamente,5,5,5,5,5,5,Atenção e entender o lado do outro,Nao,5,5,Positivo (4-5),Orientação e supervisão direta,5,5,Alto desafio (4-5),"pontualidade, compromisso, responsabilidade.","Dedicação, orientação. Amor ao próximo",5,5,Sim (Possui protocolos),Contribui significativamente,Múltiplas formas / Outras práticas,5,5,WhatsApp exclusivo,Diariamente,5,5,5,5,5,5,5,5,5,5,5,5,Atenção e entender o lado do outro,Nao
2025-09-22T14:15:09Z,2025,5,Acompanhamento do desempenho e frequência dos jovens,4,"Horário
Focar 
Distância","Exercer o trabalho 
Encorajamento 
Horário",4,Sim,Contribui significativamente,"Acesso a materiais institucionais (manuais, guias, outros)",4,Whatsapp,Diariamente,4,4,4,4,4,4,Ter mais ppe,Não,5,5,Positivo (4-5),Acompanhamento de desempenho e frequência,4,4,Alto desafio (4-5),Horário Focar Distância,Exercer o trabalho Encorajamento Horário,4,4,Sim (Possui protocolos),Contribui significativamente,Múltiplas formas / Outras práticas,4,4,WhatsApp exclusivo,Diariamente,4,4,4,4,4,4,4,4,4,4,4,4,Ter mais ppe,Não
2025-09-22T14:21:43Z,2025,4,Orientação e supervisão direta das atividades dos jovens,4,"Demandar tarefas condizentes com o nível de conhecimento;
Fazer a programação semanal;
Planejar tarefas  de alta performance b","Disponibilidade 
Comunicação  efetiva 
Dedicação com foco na resolução das demandas
",5,Sim,É fundamental,Apresentação formal à equipe,5,Whatsapp,Mensalmente,3,5,3,3,4,5,"Aproveitamento deles no término desse processo. 
Realizaçao de projetos na área de atuação do referido aluno.",Não.,4,4,Positivo (4-5),Orientação e supervisão direta,4,4,Alto desafio (4-5),Demandar tarefas condizentes com o nível de conhecimento; Fazer a programação semanal; Planejar tarefas de alta performance b,Disponibilidade Comunicação efetiva Dedicação com foco na resolução das demandas,5,5,Sim (Possui protocolos),É fundamental,Apresentação formal à equipe,5,5,WhatsApp exclusivo,Quinzenalmente ou Mensalmente,3,3,5,5,3,3,3,3,4,4,5,5,Aproveitamento deles no término desse processo. Realizaçao de projetos na área de atuação do referido aluno.,Não.
2025-09-23T09:36:06Z,2025,5,Acolhimento e integração dos jovens,5,"Orientação, qualificação do profissional, e o que ele vai se tornar","Convivência com os jovem, aprendo e ensino , passagem de experiências",5,Sim,É fundamental,Acompanhamento por um profissional/colega ou servidor mais experiente,5,Whatsapp,Diariamente,3,5,3,5,5,5,Acredito que na parte de apresentação dos setores e colegas,Não,5,5,Positivo (4-5),Outras atribuições,5,5,Alto desafio (4-5),"Orientação, qualificação do profissional, e o que ele vai se tornar","Convivência com os jovem, aprendo e ensino , passagem de experiências",5,5,Sim (Possui protocolos),É fundamental,Acompanhamento por servidor mais experiente,5,5,WhatsApp exclusivo,Diariamente,3,3,5,5,3,3,5,5,5,5,5,5,Acredito que na parte de apresentação dos setores e colegas,Não
2025-09-23T10:00:30Z,2025,4,Acolhimento e integração dos jovens,4,"A ausência  do concurso público,  para o apoio ap PPE;
Tempo maior de duração  para 3anos;
Jequié voltar  a ser Núcleo  de saúde.","Acolhimento;
Solidariedade ;
Compromisso  com a gestão  pública.",5,Talvez,É fundamental,Acompanhamento por um profissional/colega ou servidor mais experiente,4,Reuniões presenciais,Semanalmente,4,3,4,4,4,4,"Ter encontro quinzenais, diálogos e atualizacoes pernamanente.","A deficiencia  do concurso público, existencia  da terceirização  e precarização.",4,4,Positivo (4-5),Outras atribuições,4,4,Alto desafio (4-5),"A ausência do concurso público, para o apoio ap PPE; Tempo maior de duração para 3anos; Jequié voltar a ser Núcleo de saúde.",Acolhimento; Solidariedade ; Compromisso com a gestão pública.,5,5,Não tenho certeza / Talvez,É fundamental,Acompanhamento por servidor mais experiente,4,4,Outros canais,Semanalmente,4,4,3,3,4,4,4,4,4,4,4,4,"Ter encontro quinzenais, diálogos e atualizacoes pernamanente.","A deficiencia do concurso público, existencia da terceirização e precarização."
2025-09-23T10:04:02Z,2025,5,Articulação entre gestão central do PPE e o orgão,4,"Falta de ética profissional dos tècnicos, pedido de movimentação por motivos pessoais, falta de pessoal para acompanhar as demandas diárias do Programa","acompanhar o aprendizado dos beneficiários, poder ajudar na lotação nas Unidades demandantes",3,Não,Contribui significativamente,"Acesso a materiais institucionais (manuais, guias, outros)",4,E-mail,Diariamente,1,4,2,4,4,4,esclarecimneto sobre o rela mundo do trabalho formal para os beneficiarios,clareza sobre o papel dos tecnicos no trabalho,5,5,Positivo (4-5),Outras atribuições,4,4,Alto desafio (4-5),"Falta de ética profissional dos tècnicos, pedido de movimentação por motivos pessoais, falta de pessoal para acompanhar as demandas diárias do Programa","acompanhar o aprendizado dos beneficiários, poder ajudar na lotação nas Unidades demandantes",3,3,Não (Não possui),Contribui significativamente,Múltiplas formas / Outras práticas,4,4,E-mail exclusivo,Diariamente,1,1,4,4,2,2,4,4,4,4,4,4,esclarecimneto sobre o rela mundo do trabalho formal para os beneficiarios,clareza sobre o papel dos tecnicos no trabalho
2025-09-23T12:32:33Z,2025,5,Acompanhamento do desempenho e frequência dos jovens,5,"Avaliar bem, acompalhar a frequencia.",Nada a declarar,5,Sim,É fundamental,Apresentação formal à equipe,5,E-mail,Semanalmente,2,5,3,5,5,5,Sem sujestoes no momento,Não,5,5,Positivo (4-5),Acompanhamento de desempenho e frequência,5,5,Alto desafio (4-5),"Avaliar bem, acompalhar a frequencia.",Nada a declarar,5,5,Sim (Possui protocolos),É fundamental,Apresentação formal à equipe,5,5,E-mail exclusivo,Semanalmente,2,2,5,5,3,3,5,5,5,5,5,5,Sem sujestoes no momento,Não
2025-09-23T13:25:10Z,2025,5,Acompanhamento das frequências e assinatura das mesmas,3,Lidar com a imaturidade de alguns,Fica muito fácil quando os jovens inseridos vem com perfil para a função,5,Não,Contribui significativamente,Acompanhamento por um profissional/colega ou servidor mais experiente,3,Whatsapp,Quando existe necessidade,3,3,3,3,3,4,Que existisse um projeto específico com foco na integração entre eles e nas relações interpessoais no trabalho.,Acho que deveria ter um monitoramento específico que orientasse sobre relações interpessoais.,5,5,Positivo (4-5),Outras atribuições,3,3,Desafio moderado (3),Lidar com a imaturidade de alguns,Fica muito fácil quando os jovens inseridos vem com perfil para a função,5,5,Não (Não possui),Contribui significativamente,Acompanhamento por servidor mais experiente,3,3,WhatsApp exclusivo,Raramente / Eventual,3,3,3,3,3,3,3,3,3,3,4,4,Que existisse um projeto específico com foco na integração entre eles e nas relações interpessoais no trabalho.,Acho que deveria ter um monitoramento específico que orientasse sobre relações interpessoais.
2025-09-23T15:22:15Z,2025,5,Acompanhamento do desempenho e frequência dos jovens,4,Baixa qualificação educacional dos jovens;falta de oportunidades locais;Dificuldade de articulação entre instituições,"1 Impacto social direto e transformador; 2 O papel permite construir pontes entre diferentes atores: empresas, escolas, ONGs, órgãos públicos e programas como Jovem Aprendiz e Primeiro Emprego.3 Proximidade com a realidade dos jovens",4,Sim,Contribui significativamente,Acompanhamento por um profissional/colega ou servidor mais experiente,4,Whatsapp,Mensalmente,4,5,5,3,4,4,"1 Mentoria entre pares: jovens que já passaram pelo programa podem atuar como tutores dos recém-ingressos, promovendo acolhimento horizontal.; 
2 Fortalecer parcerias com o setor privado: ampliar o leque de empresas participantes, inclusive em áreas como tecnologia, agroindústria e economia criativa.
 3 Campanhas digitais segmentadas: usar redes sociais com linguagem jovem para divulgar o programa, histórias de sucesso e oportunidades.","Inconformidade, não! Apenas sugestões de melhoria",5,5,Positivo (4-5),Acompanhamento de desempenho e frequência,4,4,Alto desafio (4-5),Baixa qualificação educacional dos jovens;falta de oportunidades locais;Dificuldade de articulação entre instituições,"1 Impacto social direto e transformador; 2 O papel permite construir pontes entre diferentes atores: empresas, escolas, ONGs, órgãos públicos e programas como Jovem Aprendiz e Primeiro Emprego.3 Proximidade com a realidade dos jovens",4,4,Sim (Possui protocolos),Contribui significativamente,Acompanhamento por servidor mais experiente,4,4,WhatsApp exclusivo,Quinzenalmente ou Mensalmente,4,4,5,5,5,5,3,3,4,4,4,4,"1 Mentoria entre pares: jovens que já passaram pelo programa podem atuar como tutores dos recém-ingressos, promovendo acolhimento horizontal.; 2 Fortalecer parcerias com o setor privado: ampliar o leque de empresas participantes, inclusive em áreas como tecnologia, agroindústria e economia criativa. 3 Campanhas digitais segmentadas: usar redes sociais com linguagem jovem para divulgar o programa, histórias de sucesso e oportunidades.","Inconformidade, não! Apenas sugestões de melhoria"
2025-09-23T16:08:06Z,2025,5,Orientação e supervisão direta das atividades dos jovens,4,"Adequação do perfil do jovem à atividade que irá desenvolver; manter o envolvimento e interesse do jovem ao seu trabalho; fazê-lo lidar com a idéiade que, apesar de trabalhador, é um educando.",Assertividade na distribuição dos jovens nos setores; Dar bom acolhimento e acompanhamento; assegurá-los de uma boa convivência com demais colaboradores.,5,Sim,É fundamental,Acompanhamento por um profissional/colega ou servidor mais experiente,5,Whatsapp,Diariamente,5,5,1,4,4,4,"Realização periódica de reuniões envolvendo os atores do processo. Gestão, Supervisão e TE's","O período de trabalho é curto (dois anos), o que corta uma boa continuidade do trabalho.",5,5,Positivo (4-5),Orientação e supervisão direta,4,4,Alto desafio (4-5),"Adequação do perfil do jovem à atividade que irá desenvolver; manter o envolvimento e interesse do jovem ao seu trabalho; fazê-lo lidar com a idéiade que, apesar de trabalhador, é um educando.",Assertividade na distribuição dos jovens nos setores; Dar bom acolhimento e acompanhamento; assegurá-los de uma boa convivência com demais colaboradores.,5,5,Sim (Possui protocolos),É fundamental,Acompanhamento por servidor mais experiente,5,5,WhatsApp exclusivo,Diariamente,5,5,5,5,1,1,4,4,4,4,4,4,"Realização periódica de reuniões envolvendo os atores do processo. Gestão, Supervisão e TE's","O período de trabalho é curto (dois anos), o que corta uma boa continuidade do trabalho."
2025-09-23T16:10:50Z,2025,2,acolhimento,2,nenhuma,nenhuma,2,Talvez,Contribui em alguma medida,as vezes,3,Whatsapp,quando necessario,2,3,2,3,3,3,"Que a FESF coloque em cada unidade um funcionário (servidor) da FESF para resolver as situações da FESF, considero essa demanda imprescindível","A falta de um servidor da FESF na unidade, isso faz com que pessoas que não tem nada a ver com a fesf trabalhar para a fesf sem vinculo empregatício. Não concordo com essa politica da FESF.",2,2,Negativo (1-2),Outras atribuições,2,2,Baixo desafio (1-2),nenhuma,nenhuma,2,2,Não tenho certeza / Talvez,Contribui em alguma medida,Múltiplas formas / Outras práticas,3,3,WhatsApp exclusivo,Raramente / Eventual,2,2,3,3,2,2,3,3,3,3,3,3,"Que a FESF coloque em cada unidade um funcionário (servidor) da FESF para resolver as situações da FESF, considero essa demanda imprescindível","A falta de um servidor da FESF na unidade, isso faz com que pessoas que não tem nada a ver com a fesf trabalhar para a fesf sem vinculo empregatício. Não concordo com essa politica da FESF."
2025-09-23T16:24:41Z,2025,4,"Acolhimento e integração dos jovens, encaminhamento de folhas de ponto e demais demandas necessárias.",4,"Tempo, espaço e a necessidade de maior entendimento do papel do ponto focal","Comunicação com os profissionais, facilidade de comunicação com o responsável técnico e com a gestão local",4,Sim,É fundamental,Apresentação formal à equipe,4,E-mail,Mensalmente,4,5,4,4,4,4,Um aviso prévio das novas admissões para assim preparar a melhor forma de receber os novos profissionais.,Não.,4,4,Positivo (4-5),Outras atribuições,4,4,Alto desafio (4-5),"Tempo, espaço e a necessidade de maior entendimento do papel do ponto focal","Comunicação com os profissionais, facilidade de comunicação com o responsável técnico e com a gestão local",4,4,Sim (Possui protocolos),É fundamental,Apresentação formal à equipe,4,4,E-mail exclusivo,Quinzenalmente ou Mensalmente,4,4,5,5,4,4,4,4,4,4,4,4,Um aviso prévio das novas admissões para assim preparar a melhor forma de receber os novos profissionais.,Não.
2025-09-23T16:33:37Z,2025,5,Orientação e supervisão direta das atividades dos jovens,5,"Orientar, 
Coordenar
Ensinar","Aceitar, 
Participar,
Compreender",5,Sim,É fundamental,Acompanhamento por um profissional/colega ou servidor mais experiente,5,Whatsapp,Diariamente,5,5,1,5,5,5,Entender a jornada contratual,Não,5,5,Positivo (4-5),Orientação e supervisão direta,5,5,Alto desafio (4-5),"Orientar, Coordenar Ensinar","Aceitar, Participar, Compreender",5,5,Sim (Possui protocolos),É fundamental,Acompanhamento por servidor mais experiente,5,5,WhatsApp exclusivo,Diariamente,5,5,5,5,1,1,5,5,5,5,5,5,Entender a jornada contratual,Não
2025-09-24T12:02:00Z,2025,5,Acompanhamento do desempenho e frequência dos jovens,4,"A disponibilidade da vaga, interesse nas áreas de serviço e  compromisso de jovens do PPE","dedicação na orientação nos setores, estimular ao empenho no conhecimento e nas atividades vislumbrando a formação um grande profissional",4,Sim,É fundamental,todas as formas acima citados,4,todas as ferramentas acima citados,Mensalmente,4,3,2,3,3,3,"Acompanhamento em períodos mais próximo dos orientandos, estimulando ao desempenho nas áreas",Falta de disponibilidade de jovens do PPE,5,5,Positivo (4-5),Acompanhamento de desempenho e frequência,4,4,Alto desafio (4-5),"A disponibilidade da vaga, interesse nas áreas de serviço e compromisso de jovens do PPE","dedicação na orientação nos setores, estimular ao empenho no conhecimento e nas atividades vislumbrando a formação um grande profissional",4,4,Sim (Possui protocolos),É fundamental,Múltiplas formas / Outras práticas,4,4,Outros canais,Quinzenalmente ou Mensalmente,4,4,3,3,2,2,3,3,3,3,3,3,"Acompanhamento em períodos mais próximo dos orientandos, estimulando ao desempenho nas áreas",Falta de disponibilidade de jovens do PPE
2025-09-24T15:10:32Z,2025,5,Acolhimento e integração dos jovens,5,"1-Levar coordenadores diretos para nível de entendimento a respeito do Progama.
2-Buscar manter o PPE SEM DESVIO DE FUNÇÃO.
3-Mediar Conflitos","Acesso direto ao PPE
Facilidade de comunicação com o PPE
Parceria direta com a equipe da FESF_SUS",4,Não,É fundamental,Acompanhamento por um profissional/colega ou servidor mais experiente,4,Telefone celular,Diariamente,5,5,1,4,5,5,"o Ponto Focal Deve ser Alguem que possua autonomia junto com a gestão,  e nao ser ingnorado e ser respossabilizado quando ha intercorrências.",Esclarecimento ativo diretaMENTE A gESTÃO FORA FORA DA UNIDADE. O ESPAÇO DEIXA-O EN ZONA DE  CONFORTO.,5,5,Positivo (4-5),Outras atribuições,5,5,Alto desafio (4-5),1-Levar coordenadores diretos para nível de entendimento a respeito do Progama. 2-Buscar manter o PPE SEM DESVIO DE FUNÇÃO. 3-Mediar Conflitos,Acesso direto ao PPE Facilidade de comunicação com o PPE Parceria direta com a equipe da FESF_SUS,4,4,Não (Não possui),É fundamental,Acompanhamento por servidor mais experiente,4,4,Telefone / Contato direto,Diariamente,5,5,5,5,1,1,4,4,5,5,5,5,"o Ponto Focal Deve ser Alguem que possua autonomia junto com a gestão, e nao ser ingnorado e ser respossabilizado quando ha intercorrências.",Esclarecimento ativo diretaMENTE A gESTÃO FORA FORA DA UNIDADE. O ESPAÇO DEIXA-O EN ZONA DE CONFORTO.
2025-09-25T09:41:10Z,2025,5,Orientação e supervisão direta das atividades dos jovens,5,Manter o foco no objetivo principal; tempo para acompanhamento e demonstrar proatividade.,Facilitar a adaptação; orientar o profissional sobre o que é esperado na Unidade e   retorno dos ensinamentos passados.,4,Sim,É fundamental,Acompanhamento por um profissional/colega ou servidor mais experiente,4,E-mail,Quinzenalmente,2,3,3,3,4,4,"Fomentar o fortalecimento dos vínculos familiares e comunitários, e o acesso à saúde, educação, trabalho e lazer.",Não,5,5,Positivo (4-5),Orientação e supervisão direta,5,5,Alto desafio (4-5),Manter o foco no objetivo principal; tempo para acompanhamento e demonstrar proatividade.,Facilitar a adaptação; orientar o profissional sobre o que é esperado na Unidade e retorno dos ensinamentos passados.,4,4,Sim (Possui protocolos),É fundamental,Acompanhamento por servidor mais experiente,4,4,E-mail exclusivo,Quinzenalmente ou Mensalmente,2,2,3,3,3,3,3,3,4,4,4,4,"Fomentar o fortalecimento dos vínculos familiares e comunitários, e o acesso à saúde, educação, trabalho e lazer.",Não
2025-10-22T15:41:19Z,2025,5,Articulação entre gestão central do PPE e o orgão,4,"Integração do PPE ao serviço,  ambiente físico específico para o PPE, aplicação das normas e rotinas","Comunicação efetiva, coordenação assistida, inserção e bom relacionamento com a equipe multidisciplinar",5,Sim,É fundamental,Acompanhamento por um profissional/colega ou servidor mais experiente,4,Whatsapp,Diariamente,4,4,5,4,4,5,"Realizar rotações em diversos serviços e setores das unidades, enquadrando o PPE nos serviços com melhor rendimento",Negativo,5,5,Positivo (4-5),Outras atribuições,4,4,Alto desafio (4-5),"Integração do PPE ao serviço, ambiente físico específico para o PPE, aplicação das normas e rotinas","Comunicação efetiva, coordenação assistida, inserção e bom relacionamento com a equipe multidisciplinar",5,5,Sim (Possui protocolos),É fundamental,Acompanhamento por servidor mais experiente,4,4,WhatsApp exclusivo,Diariamente,4,4,4,4,5,5,4,4,4,4,5,5,"Realizar rotações em diversos serviços e setores das unidades, enquadrando o PPE nos serviços com melhor rendimento",Negativo
2026-05-19T09:59:53Z,2026,5,Acompanhamento do desempenho e frequência dos jovens,4,Nenhum a se ressaltar,"Acho que um diálogo aberto, interação e ver o desenvolvimento",5,Sim,É fundamental,Acompanhamento por um profissional/colega ou servidor mais experiente,5,E-mail,Diariamente,5,5,5,5,5,5,Acho que maiores capacitação,No momento está tudo funcionando normalmente,5,5,Positivo (4-5),Acompanhamento de desempenho e frequência,4,4,Alto desafio (4-5),Nenhum a se ressaltar,"Acho que um diálogo aberto, interação e ver o desenvolvimento",5,5,Sim (Possui protocolos),É fundamental,Acompanhamento por servidor mais experiente,5,5,E-mail exclusivo,Diariamente,5,5,5,5,5,5,5,5,5,5,5,5,Acho que maiores capacitação,No momento está tudo funcionando normalmente
2026-05-19T10:25:26Z,2026,5,Acompanhamento do desempenho e frequência dos jovens,5,"Tomada de decisão, limitações  e comunicação .","Relacionamento, autonomia e estratégica do trabalho.",5,Não,É fundamental,"Acesso a materiais institucionais (manuais, guias, outros)",5,E-mail,Quinzenalmente,1,5,1,5,5,5,"Investir em escuta ativa e qualificação da equipe.
Definir claramente papéis e responsabilidade.
Criar fluxos definidos de informação .",Manual operacional único e integrado,5,5,Positivo (4-5),Acompanhamento de desempenho e frequência,5,5,Alto desafio (4-5),"Tomada de decisão, limitações e comunicação .","Relacionamento, autonomia e estratégica do trabalho.",5,5,Não (Não possui),É fundamental,Múltiplas formas / Outras práticas,5,5,E-mail exclusivo,Quinzenalmente ou Mensalmente,1,1,5,5,1,1,5,5,5,5,5,5,Investir em escuta ativa e qualificação da equipe. Definir claramente papéis e responsabilidade. Criar fluxos definidos de informação .,Manual operacional único e integrado
2026-05-19T10:44:05Z,2026,5,Acompanhamento do desempenho e frequência dos jovens,5,"Frequência ( entendimento dos jovens quanto o cumprimento das mesmas)

Atestados ( eles geralmente não sinalizam ao ponto focal que estão afastados )


Cumprimento de carga horária e uso do fardamento.","ARTICULAÇÃO DO PROJETO PARA COM A UNIDADE, DANDO UMA FLEXIBILIDADE PARA UMA FOLGA QUINZENAL TENDO EM VISTA AS ATRIBUIÇÕES E DEMANDAS DO PONTO FOCAL",4,Sim,Contribui significativamente,Participação em eventos de integração,5,Whatsapp,Semanalmente,3,3,4,2,3,4,Nada a Declarar,Não,5,5,Positivo (4-5),Acompanhamento de desempenho e frequência,5,5,Alto desafio (4-5),Frequência ( entendimento dos jovens quanto o cumprimento das mesmas) Atestados ( eles geralmente não sinalizam ao ponto focal que estão afastados ) Cumprimento de carga horária e uso do fardamento.,"ARTICULAÇÃO DO PROJETO PARA COM A UNIDADE, DANDO UMA FLEXIBILIDADE PARA UMA FOLGA QUINZENAL TENDO EM VISTA AS ATRIBUIÇÕES E DEMANDAS DO PONTO FOCAL",4,4,Sim (Possui protocolos),Contribui significativamente,Múltiplas formas / Outras práticas,5,5,WhatsApp exclusivo,Semanalmente,3,3,3,3,4,4,2,2,3,3,4,4,Nada a Declarar,Não
2026-05-19T10:50:41Z,2026,5,Acompanhamento do desempenho e frequência dos jovens,5,"Inexperiência dos PPEs, Imaturidade  e  adaptar os mesmo a rotina de trabalho","Eles dominam ferramentas digitais, planilhas, aplicativos e sistemas com muita naturalidade, dinâmicos e Proativos",5,Não tenho certeza,Contribui significativamente,Acompanhamento por um profissional/colega ou servidor mais experiente,5,E-mail,Diariamente,1,4,5,3,4,5,Maior acompanhamento de psicólogos para os PPEs,Inserir no seu curso de formação sobre rotinas administrativas e de trabalho,5,5,Positivo (4-5),Acompanhamento de desempenho e frequência,5,5,Alto desafio (4-5),"Inexperiência dos PPEs, Imaturidade e adaptar os mesmo a rotina de trabalho","Eles dominam ferramentas digitais, planilhas, aplicativos e sistemas com muita naturalidade, dinâmicos e Proativos",5,5,Não tenho certeza / Talvez,Contribui significativamente,Acompanhamento por servidor mais experiente,5,5,E-mail exclusivo,Diariamente,1,1,4,4,5,5,3,3,4,4,5,5,Maior acompanhamento de psicólogos para os PPEs,Inserir no seu curso de formação sobre rotinas administrativas e de trabalho
2026-05-19T11:15:51Z,2026,5,Articulação entre gestão central do PPE e o orgão,4,"Quantidade extensa de Unidades para lotação, quatidade extensa de movimentações solicitadas, contato de pontos focais espalhados pelas Unidades do Estado","Conexão com a FESF, conexão com a Casa Civil e Comitê Gestor",4,Sim,É fundamental,Acompanhamento por um profissional/colega ou servidor mais experiente,4,E-mail,Diariamente,3,4,3,3,4,5,FLUXOS DE COMUNICAÇÃO MAIS CLAROS,NÃO,5,5,Positivo (4-5),Outras atribuições,4,4,Alto desafio (4-5),"Quantidade extensa de Unidades para lotação, quatidade extensa de movimentações solicitadas, contato de pontos focais espalhados pelas Unidades do Estado","Conexão com a FESF, conexão com a Casa Civil e Comitê Gestor",4,4,Sim (Possui protocolos),É fundamental,Acompanhamento por servidor mais experiente,4,4,E-mail exclusivo,Diariamente,3,3,4,4,3,3,3,3,4,4,5,5,FLUXOS DE COMUNICAÇÃO MAIS CLAROS,NÃO
2026-05-19T11:28:56Z,2026,5,Acompanhamento do desempenho e frequência dos jovens,5,"Mudança de unidade do PPE quando necessário, e a falta de mais Administrativo, e algumas dificuldades em se adaptar ao setor, mas sempre se resolve.","Tenho facilidade em relacionamento com todos eles, e sendo assim as coisas fluir muito bem",5,Não tenho certeza,É fundamental,Acompanhamento por um profissional/colega ou servidor mais experiente,5,E-mail,Diariamente,4,4,1,5,5,5,Ate o momento está tudo perfeito,Na questão de remanejamento para a Unidade  na questão de endereço da moradia do mesmo,5,5,Positivo (4-5),Acompanhamento de desempenho e frequência,5,5,Alto desafio (4-5),"Mudança de unidade do PPE quando necessário, e a falta de mais Administrativo, e algumas dificuldades em se adaptar ao setor, mas sempre se resolve.","Tenho facilidade em relacionamento com todos eles, e sendo assim as coisas fluir muito bem",5,5,Não tenho certeza / Talvez,É fundamental,Acompanhamento por servidor mais experiente,5,5,E-mail exclusivo,Diariamente,4,4,4,4,1,1,5,5,5,5,5,5,Ate o momento está tudo perfeito,Na questão de remanejamento para a Unidade na questão de endereço da moradia do mesmo
2026-05-19T12:07:01Z,2026,5,Acompanhamento do desempenho e frequência dos jovens,4,"Muitos participantes ingressam no primeiro vínculo profissional, necessitando de orientação contínua quanto às rotinas administrativas, postura profissional, cumprimento de horários, fluxo institucional e utilização adequada dos sistemas e equipamentos de trabalho.","Acompanhar a evolução dos PPEs e contribuir para a formação profissional e pessoal dos jovens proporciona uma experiência enriquecedora, permitindo compartilhar conhecimentos e fortalecer competências no ambiente de trabalho.",3,Sim,Contribui significativamente,Acompanhamento por um profissional/colega ou servidor mais experiente,4,Reuniões presenciais,Semanalmente,5,4,4,4,4,5,"Fortalecer o processo de acolhimento inicial, melhorar a comunicação entre as equipes envolvidas, promover capacitações continuas, ampliar o acompanhamento continuo dos PPEs, estimular ações integradas e de valorização",NÃO,5,5,Positivo (4-5),Acompanhamento de desempenho e frequência,4,4,Alto desafio (4-5),"Muitos participantes ingressam no primeiro vínculo profissional, necessitando de orientação contínua quanto às rotinas administrativas, postura profissional, cumprimento de horários, fluxo institucional e utilização adequada dos sistemas e equipamentos de trabalho.","Acompanhar a evolução dos PPEs e contribuir para a formação profissional e pessoal dos jovens proporciona uma experiência enriquecedora, permitindo compartilhar conhecimentos e fortalecer competências no ambiente de trabalho.",3,3,Sim (Possui protocolos),Contribui significativamente,Acompanhamento por servidor mais experiente,4,4,Outros canais,Semanalmente,5,5,4,4,4,4,4,4,4,4,5,5,"Fortalecer o processo de acolhimento inicial, melhorar a comunicação entre as equipes envolvidas, promover capacitações continuas, ampliar o acompanhamento continuo dos PPEs, estimular ações integradas e de valorização",NÃO
2026-05-19T15:07:53Z,2026,4,Acolhimento e integração dos jovens,1,"A falta de concurso público  na área  da saúde, é terceirização  e precarização  do trabalho","Acolhimento,  solidariedade  e orientação",4,Sim,É fundamental,Apresentação formal à equipe,4,Whatsapp,Diariamente,4,3,5,1,3,4,Ser esse acolhimento  semana e permanente,Ter mais servidores efetivos oriundos  dos concursos públicos.,4,4,Positivo (4-5),Outras atribuições,1,1,Baixo desafio (1-2),"A falta de concurso público na área da saúde, é terceirização e precarização do trabalho","Acolhimento, solidariedade e orientação",4,4,Sim (Possui protocolos),É fundamental,Apresentação formal à equipe,4,4,WhatsApp exclusivo,Diariamente,4,4,3,3,5,5,1,1,3,3,4,4,Ser esse acolhimento semana e permanente,Ter mais servidores efetivos oriundos dos concursos públicos.
2026-05-19T15:18:55Z,2026,5,Articulação entre gestão central do PPE e o orgão,2,"Demora para substituição dos profissionais, quando necessita colocar em disponibilidade e deficiência na formação dos profissionais","Tenho boa relação com as coordenações e isso facilita, acolho os estagiários de cursos técnicos e alguns profissionais do primeiro emprego ja fizeram estágio na nossa Instituição, e procuro atender da melhor forma as demandas que eles trazem.",4,Sim,É fundamental,Todas acima,4,Whatsapp,Mensalmente,4,4,4,3,3,4,Acredito que pode ser melhorado a participação do ponto focal no projeto de melhorias e nas capacitações,Não...,5,5,Positivo (4-5),Outras atribuições,2,2,Baixo desafio (1-2),"Demora para substituição dos profissionais, quando necessita colocar em disponibilidade e deficiência na formação dos profissionais","Tenho boa relação com as coordenações e isso facilita, acolho os estagiários de cursos técnicos e alguns profissionais do primeiro emprego ja fizeram estágio na nossa Instituição, e procuro atender da melhor forma as demandas que eles trazem.",4,4,Sim (Possui protocolos),É fundamental,Múltiplas formas / Outras práticas,4,4,WhatsApp exclusivo,Quinzenalmente ou Mensalmente,4,4,4,4,4,4,3,3,3,3,4,4,Acredito que pode ser melhorado a participação do ponto focal no projeto de melhorias e nas capacitações,Não...
2026-05-19T16:12:12Z,2026,5,Acompanhamento do desempenho e frequência dos jovens,4,alcancar o objetivo de formação profissional adequado/ orientação / formaçao ética,liderança/ acolhimento/ profissionalismo,5,Não tenho certeza,Contribui significativamente,Acompanhamento por um profissional/colega ou servidor mais experiente,5,Whatsapp,Diariamente,4,5,4,5,5,5,futuras contratações,nao,5,5,Positivo (4-5),Acompanhamento de desempenho e frequência,4,4,Alto desafio (4-5),alcancar o objetivo de formação profissional adequado/ orientação / formaçao ética,liderança/ acolhimento/ profissionalismo,5,5,Não tenho certeza / Talvez,Contribui significativamente,Acompanhamento por servidor mais experiente,5,5,WhatsApp exclusivo,Diariamente,4,4,5,5,4,4,5,5,5,5,5,5,futuras contratações,nao
2026-05-19T16:42:29Z,2026,5,Acolhimento e integração dos jovens,4,"Integração dos Jovens no processo de trabalho, sendo ele primeiro emprego e tendo consciência que não são servidores Ou seja a diferença entre o primeiro emprego e o servidor
","A gestão participativa,  por a ser primeiro emprego ainda não possuem alguns vícios ruins para o processo de trabalho e a troca de experiências",5,Sim,É fundamental,Participação em eventos de integração,5,Whatsapp,Mensalmente,1,5,1,4,5,5,Participa com maior efetividade nas atividades educativas,Não,5,5,Positivo (4-5),Outras atribuições,4,4,Alto desafio (4-5),"Integração dos Jovens no processo de trabalho, sendo ele primeiro emprego e tendo consciência que não são servidores Ou seja a diferença entre o primeiro emprego e o servidor","A gestão participativa, por a ser primeiro emprego ainda não possuem alguns vícios ruins para o processo de trabalho e a troca de experiências",5,5,Sim (Possui protocolos),É fundamental,Múltiplas formas / Outras práticas,5,5,WhatsApp exclusivo,Quinzenalmente ou Mensalmente,1,1,5,5,1,1,4,4,5,5,5,5,Participa com maior efetividade nas atividades educativas,Não
2026-05-19T19:03:15Z,2026,4,Acolhimento e integração dos jovens,3,A contratação de jovens que não tem perfil para o trabalho no SUS; O período de 2 anos é curto para que os jovens aprendam as funções e desenvolvam um trabalho com maior competência; A falta de coordenação na Base Regional de Saúde para solucionar questões relacionadas ao processo de trabalho.,"Facilidade em lidar com pessoas, escutar e conciliar situações de conflito.",3,Sim,Contribui significativamente,Acompanhamento por um profissional/colega ou servidor mais experiente,2,Whatsapp,Mensalmente,2,3,4,2,3,4,Deveria ter um um roteiro de reuniões mensais do Ponto Focal com os Jovens do PPE com temáticas que auxiliem a melhoria das relações interpessoais e a integração entre eles e os demais trabalhadores da instituição. Um espaço de escuta e fala.,"A contratação é desorganizada com informações de última hora.;
O tempo de 2 anos dos contratos comprometem o bom desempenho do trabalho pois quando eles  realmente aprendem a função tem que ser desligados, deveria ter uma forma de avaliar os melhores e possibilitar uma continuidade daqueles que tiverem um desempenho melhor, inclusive com melhoria salarial.",4,4,Positivo (4-5),Outras atribuições,3,3,Desafio moderado (3),A contratação de jovens que não tem perfil para o trabalho no SUS; O período de 2 anos é curto para que os jovens aprendam as funções e desenvolvam um trabalho com maior competência; A falta de coordenação na Base Regional de Saúde para solucionar questões relacionadas ao processo de trabalho.,"Facilidade em lidar com pessoas, escutar e conciliar situações de conflito.",3,3,Sim (Possui protocolos),Contribui significativamente,Acompanhamento por servidor mais experiente,2,2,WhatsApp exclusivo,Quinzenalmente ou Mensalmente,2,2,3,3,4,4,2,2,3,3,4,4,Deveria ter um um roteiro de reuniões mensais do Ponto Focal com os Jovens do PPE com temáticas que auxiliem a melhoria das relações interpessoais e a integração entre eles e os demais trabalhadores da instituição. Um espaço de escuta e fala.,"A contratação é desorganizada com informações de última hora.; O tempo de 2 anos dos contratos comprometem o bom desempenho do trabalho pois quando eles realmente aprendem a função tem que ser desligados, deveria ter uma forma de avaliar os melhores e possibilitar uma continuidade daqueles que tiverem um desempenho melhor, inclusive com melhoria salarial."
2026-05-19T19:55:26Z,2026,4,Acolhimento e integração dos jovens,4,"Carga horária, Ambiente, convivência","relacionamento, Diálogo, entendimento",4,Sim,É fundamental,Acompanhamento por um profissional/colega ou servidor mais experiente,4,Whatsapp,Diariamente,4,5,5,4,4,5,"Força de vontade, ser criativo, atencioso",não,4,4,Positivo (4-5),Outras atribuições,4,4,Alto desafio (4-5),"Carga horária, Ambiente, convivência","relacionamento, Diálogo, entendimento",4,4,Sim (Possui protocolos),É fundamental,Acompanhamento por servidor mais experiente,4,4,WhatsApp exclusivo,Diariamente,4,4,5,5,5,5,4,4,4,4,5,5,"Força de vontade, ser criativo, atencioso",não
2026-05-20T09:58:35Z,2026,5,Acolhimento e integração dos jovens,4,estrutura,"organização, melhora o serviços da unidade e contribui para atendimento ao público",5,Sim,É fundamental,Acompanhamento por um profissional/colega ou servidor mais experiente,5,Whatsapp,Diariamente,5,5,4,5,5,5,estrutura,nao,5,5,Positivo (4-5),Outras atribuições,4,4,Alto desafio (4-5),estrutura,"organização, melhora o serviços da unidade e contribui para atendimento ao público",5,5,Sim (Possui protocolos),É fundamental,Acompanhamento por servidor mais experiente,5,5,WhatsApp exclusivo,Diariamente,5,5,5,5,4,4,5,5,5,5,5,5,estrutura,nao
2026-05-20T10:13:38Z,2026,5,Orientação e supervisão direta das atividades dos jovens,5,"Como Ponto Focal, acho que os maiores desafios são principalmente relacionados à comunicação com o NASP  e as Chefias.
","eliminar ruídos ao alinhar a comunicação entre diferentes equipes.
Entende o projeto por completo.
Prevê problemas antes que aconteçam.

",5,Sim,Contribui significativamente,Acompanhamento por um profissional/colega ou servidor mais experiente,2,E-mail,Mensalmente,2,5,4,5,4,5,Definir uma regra clara de quando um problema deve sair do nível operacional e ir para a FESF.,não,5,5,Positivo (4-5),Orientação e supervisão direta,5,5,Alto desafio (4-5),"Como Ponto Focal, acho que os maiores desafios são principalmente relacionados à comunicação com o NASP e as Chefias.",eliminar ruídos ao alinhar a comunicação entre diferentes equipes. Entende o projeto por completo. Prevê problemas antes que aconteçam.,5,5,Sim (Possui protocolos),Contribui significativamente,Acompanhamento por servidor mais experiente,2,2,E-mail exclusivo,Quinzenalmente ou Mensalmente,2,2,5,5,4,4,5,5,4,4,5,5,Definir uma regra clara de quando um problema deve sair do nível operacional e ir para a FESF.,não
2026-05-20T10:24:37Z,2026,5,Acolhimento e integração dos jovens,4,"Integração na equipe, desempenho do colaborador, Curto tempo de contrato (quando este está bem apropriado no estabelecimento, é hora de sair)","Relacionamento, oportunidades, gratidão",5,Sim,Contribui significativamente,Acompanhamento por um profissional/colega ou servidor mais experiente,3,Whatsapp,Diariamente,4,4,3,4,5,5,"Regularidade de acompanhamento presencial dos coordenadores regionais, (não aparecem).","Já lidamos com PPE indisciplinados, e resistente a hierarquia da Unidade, (por isso entendo que o acompanhamento presencial e regular do coordenador regional pelo FESF, ajudaria bastante)",5,5,Positivo (4-5),Outras atribuições,4,4,Alto desafio (4-5),"Integração na equipe, desempenho do colaborador, Curto tempo de contrato (quando este está bem apropriado no estabelecimento, é hora de sair)","Relacionamento, oportunidades, gratidão",5,5,Sim (Possui protocolos),Contribui significativamente,Acompanhamento por servidor mais experiente,3,3,WhatsApp exclusivo,Diariamente,4,4,4,4,3,3,4,4,5,5,5,5,"Regularidade de acompanhamento presencial dos coordenadores regionais, (não aparecem).","Já lidamos com PPE indisciplinados, e resistente a hierarquia da Unidade, (por isso entendo que o acompanhamento presencial e regular do coordenador regional pelo FESF, ajudaria bastante)"
2026-05-20T10:48:12Z,2026,5,Acolhimento e integração dos jovens,3,"Término do contrato 
Falta oportunidade após o término 
","Acolhimento 
Compreensão 
Empatia",5,Sim,É fundamental,Participação em eventos de integração,4,Whatsapp,Diariamente,1,5,4,3,5,5,"Oferecer um coffe break
","Ter seminários presenciais 
Saúde mental",5,5,Positivo (4-5),Outras atribuições,3,3,Desafio moderado (3),Término do contrato Falta oportunidade após o término,Acolhimento Compreensão Empatia,5,5,Sim (Possui protocolos),É fundamental,Múltiplas formas / Outras práticas,4,4,WhatsApp exclusivo,Diariamente,1,1,5,5,4,4,3,3,5,5,5,5,Oferecer um coffe break,Ter seminários presenciais Saúde mental
2026-05-20T10:58:45Z,2026,5,Orientação e supervisão direta das atividades dos jovens,4,POUCA COMUNICAÇÃO COM A COORDENAÇÃO DO PROGRAMA.DEMORA NAS RESPOSTAS. CANA DE COMUNICAÇÃO DIFICIL.,"FÁCIL ACESSO AO SUPERVISOR LOCAL, ACOMPANHAR O CRESCIMENTO DO COLABORADOR, PODER CONTAR COM SUA AJUDA.",5,Sim,É fundamental,Acompanhamento por um profissional/colega ou servidor mais experiente,3,Whatsapp,Diariamente,4,4,5,3,3,5,APRESENTAÇÃO INFORMAL DOS MESMOS.,"ACHO QUE ELES DEVERIAM SER ADEQUADOS A ESCALA DO LOCAL DE SERVIÇO, DOMINGO OU NOTURNO, NEM QUE FOSSE UMA VEZ POR MÊS PARA PODER VIVENCIAR A ROTINA DESSE DIA OU TURNO.",5,5,Positivo (4-5),Orientação e supervisão direta,4,4,Alto desafio (4-5),POUCA COMUNICAÇÃO COM A COORDENAÇÃO DO PROGRAMA.DEMORA NAS RESPOSTAS. CANA DE COMUNICAÇÃO DIFICIL.,"FÁCIL ACESSO AO SUPERVISOR LOCAL, ACOMPANHAR O CRESCIMENTO DO COLABORADOR, PODER CONTAR COM SUA AJUDA.",5,5,Sim (Possui protocolos),É fundamental,Acompanhamento por servidor mais experiente,3,3,WhatsApp exclusivo,Diariamente,4,4,4,4,5,5,3,3,3,3,5,5,APRESENTAÇÃO INFORMAL DOS MESMOS.,"ACHO QUE ELES DEVERIAM SER ADEQUADOS A ESCALA DO LOCAL DE SERVIÇO, DOMINGO OU NOTURNO, NEM QUE FOSSE UMA VEZ POR MÊS PARA PODER VIVENCIAR A ROTINA DESSE DIA OU TURNO."
2026-05-20T11:26:39Z,2026,4,Acompanhamento do desempenho e frequência dos jovens,4,"Interação com o TE. Tempo de permanência na Unidade, sem perspectiva de contratação. Conflitos internos.",Aprendizado com os TE. Orientação sobre o futuro profissional. Experiência enriquecedora.,3,Não,Contribui significativamente,Acompanhamento por um profissional/colega ou servidor mais experiente,3,E-mail,Mensalmente,3,4,5,4,3,4,Monitoria mais presente na Unidade. A contratação permanente para os TE que se destacarem no serviço.,Apoio para uso do fardamento e crachá.,4,4,Positivo (4-5),Acompanhamento de desempenho e frequência,4,4,Alto desafio (4-5),"Interação com o TE. Tempo de permanência na Unidade, sem perspectiva de contratação. Conflitos internos.",Aprendizado com os TE. Orientação sobre o futuro profissional. Experiência enriquecedora.,3,3,Não (Não possui),Contribui significativamente,Acompanhamento por servidor mais experiente,3,3,E-mail exclusivo,Quinzenalmente ou Mensalmente,3,3,4,4,5,5,4,4,3,3,4,4,Monitoria mais presente na Unidade. A contratação permanente para os TE que se destacarem no serviço.,Apoio para uso do fardamento e crachá.
2026-05-20T11:58:01Z,2026,5,Acolhimento e integração dos jovens,3,"Escuta , apoio e direcionamento","Acesso , integração , agilidade",4,Sim,Contribui significativamente,Apresentação formal à equipe,5,E-mail,Esporadicamente,2,5,3,3,4,4,Ampliação tempo de contrato,Cursos presenciais paralelo ao tempo de contrato,5,5,Positivo (4-5),Outras atribuições,3,3,Desafio moderado (3),"Escuta , apoio e direcionamento","Acesso , integração , agilidade",4,4,Sim (Possui protocolos),Contribui significativamente,Apresentação formal à equipe,5,5,E-mail exclusivo,Raramente / Eventual,2,2,5,5,3,3,3,3,4,4,4,4,Ampliação tempo de contrato,Cursos presenciais paralelo ao tempo de contrato
2026-05-20T15:42:11Z,2026,5,Orientação e supervisão direta das atividades dos jovens,4,disciplina/interação/ética,acolhimento/orientação e integração,4,Sim,É fundamental,Acompanhamento por um profissional/colega ou servidor mais experiente,4,E-mail,Semanalmente,4,4,5,3,4,5,"Penso que em cada Unidade precisaria de um ponto focal exclusivo da FESF para acompanhar os trabalhadores, estamos assumindo uma responsabilidade fora da nossa função","entendo que o objetivo é a inclusão, mas inclusão precisa de acompanhamento tambem. Ja tivemos PPE's com alguns transtornos, sinalizamos para FESF e nada foi feito",5,5,Positivo (4-5),Orientação e supervisão direta,4,4,Alto desafio (4-5),disciplina/interação/ética,acolhimento/orientação e integração,4,4,Sim (Possui protocolos),É fundamental,Acompanhamento por servidor mais experiente,4,4,E-mail exclusivo,Semanalmente,4,4,4,4,5,5,3,3,4,4,5,5,"Penso que em cada Unidade precisaria de um ponto focal exclusivo da FESF para acompanhar os trabalhadores, estamos assumindo uma responsabilidade fora da nossa função","entendo que o objetivo é a inclusão, mas inclusão precisa de acompanhamento tambem. Ja tivemos PPE's com alguns transtornos, sinalizamos para FESF e nada foi feito"
2026-05-20T16:14:01Z,2026,5,Acolhimento e integração dos jovens,4,Administrar o acompanhamento do PPE com as atividades do setor. Inserir o PPE no contexto organizacional. Fomentar o estudo.,Comunicação clara e assertiva. Acolhimento e atenção em cada perfil de PPE. Promover o estudo para além do projeto.,5,Sim,É fundamental,Aqui utilizamos um pouco de cada item anterior.,4,E-mail,Diariamente,4,5,4,5,5,5,Sugiro melhorar mais a comunicação com outra ferramenta de alcance maior. Exemplo: Whatsapp,Não,5,5,Positivo (4-5),Outras atribuições,4,4,Alto desafio (4-5),Administrar o acompanhamento do PPE com as atividades do setor. Inserir o PPE no contexto organizacional. Fomentar o estudo.,Comunicação clara e assertiva. Acolhimento e atenção em cada perfil de PPE. Promover o estudo para além do projeto.,5,5,Sim (Possui protocolos),É fundamental,Múltiplas formas / Outras práticas,4,4,E-mail exclusivo,Diariamente,4,4,5,5,4,4,5,5,5,5,5,5,Sugiro melhorar mais a comunicação com outra ferramenta de alcance maior. Exemplo: Whatsapp,Não
2026-05-21T09:55:42Z,2026,4,Articulação entre gestão central do PPE e o orgão,4,"A falta de tempo específico para cuidar desses jovens, os espaços físicos e a saída desses profissionais.","A comunicação com a monitora, a vontade de fazer a diferença dos jovens e a necessidade das atividades dos mesmos na unidade.",4,Sim,Contribui significativamente,Apresentação formal à equipe,4,Whatsapp,Mensalmente,1,5,4,4,4,5,Acredito que o ponto principal é a informação com antecedência de que esses jovens chegarão para iniciar as suas atividades. Outro ponto é algum incentivo por parte do FESF para os pontos focais.,Não.,4,4,Positivo (4-5),Outras atribuições,4,4,Alto desafio (4-5),"A falta de tempo específico para cuidar desses jovens, os espaços físicos e a saída desses profissionais.","A comunicação com a monitora, a vontade de fazer a diferença dos jovens e a necessidade das atividades dos mesmos na unidade.",4,4,Sim (Possui protocolos),Contribui significativamente,Apresentação formal à equipe,4,4,WhatsApp exclusivo,Quinzenalmente ou Mensalmente,1,1,5,5,4,4,4,4,4,4,5,5,Acredito que o ponto principal é a informação com antecedência de que esses jovens chegarão para iniciar as suas atividades. Outro ponto é algum incentivo por parte do FESF para os pontos focais.,Não.
2026-05-21T14:41:37Z,2026,5,Orientação e supervisão direta das atividades dos jovens,4,Curto período dos PPES /Recontrato p/ os mesmo que aturam com um bom desenvolvimento dentro da Unidade  /e não podermos atribuir a eles mais ações (ex. atividades em campo fora da Unidade).,Integração com os PPES/Liderança/Planejamento das Ações.,3,Sim,Contribui significativamente,Acompanhamento por um profissional/colega ou servidor mais experiente,3,Whatsapp,Mensalmente,3,4,3,4,4,4,Mais capacitações dentro da Unidade.,Aumentar os anos de permanência dos mesmos nas Unidades.,5,5,Positivo (4-5),Orientação e supervisão direta,4,4,Alto desafio (4-5),Curto período dos PPES /Recontrato p/ os mesmo que aturam com um bom desenvolvimento dentro da Unidade /e não podermos atribuir a eles mais ações (ex. atividades em campo fora da Unidade).,Integração com os PPES/Liderança/Planejamento das Ações.,3,3,Sim (Possui protocolos),Contribui significativamente,Acompanhamento por servidor mais experiente,3,3,WhatsApp exclusivo,Quinzenalmente ou Mensalmente,3,3,4,4,3,3,4,4,4,4,4,4,Mais capacitações dentro da Unidade.,Aumentar os anos de permanência dos mesmos nas Unidades.
2026-05-22T10:03:00Z,2026,5,Acompanhamento do desempenho e frequência dos jovens,3,Envio das folhas de frequencia preenchidas corretamente,Os colaboradores são muito empenhados em sua maioria,5,Não tenho certeza,Contribui significativamente,Participação em eventos de integração,4,E-mail,Mensalmente,4,4,2,4,4,4,"fortalecer o acolhimento com escuta mais humanizada, melhorar a comunicação entre os setores e ampliar o acompanhamento contínuo dos participantes, com monitoramentos e feedbacks periódicos para maior efetividade das ações.",não,5,5,Positivo (4-5),Acompanhamento de desempenho e frequência,3,3,Desafio moderado (3),Envio das folhas de frequencia preenchidas corretamente,Os colaboradores são muito empenhados em sua maioria,5,5,Não tenho certeza / Talvez,Contribui significativamente,Múltiplas formas / Outras práticas,4,4,E-mail exclusivo,Quinzenalmente ou Mensalmente,4,4,4,4,2,2,4,4,4,4,4,4,"fortalecer o acolhimento com escuta mais humanizada, melhorar a comunicação entre os setores e ampliar o acompanhamento contínuo dos participantes, com monitoramentos e feedbacks periódicos para maior efetividade das ações.",não
2026-05-24T12:03:14Z,2026,5,Orientação e supervisão direta das atividades dos jovens,4,"Resistência de alguns servidores efetivos quanto ao Programa; vulnerabilidade de alguns TE com menor experiência e/ou mais tímidos e retraídos; falta de compreensão de parte do corpo funcional da Unidade de que o PPE acolhe o jovem para continuação de sua formação, ele não pode entrar já sabendo.todos os processos.","Busco sempre conquistar a confiança dos TEs, para que se sintam amparados e protegidos em seu período que trabalhará no órgão. Sentindo-se assim os mesmos trabalham com mais confiança e produtividade.",5,Sim,É fundamental,Acompanhamento por um profissional/colega ou servidor mais experiente,5,Whatsapp,Diariamente,4,5,4,4,5,3,"Acho que, neste momento, essas ações estão muito bem conduzidas. Não tenho sugestão, agora.",Não vejo inconformidades.,5,5,Positivo (4-5),Orientação e supervisão direta,4,4,Alto desafio (4-5),"Resistência de alguns servidores efetivos quanto ao Programa; vulnerabilidade de alguns TE com menor experiência e/ou mais tímidos e retraídos; falta de compreensão de parte do corpo funcional da Unidade de que o PPE acolhe o jovem para continuação de sua formação, ele não pode entrar já sabendo.todos os processos.","Busco sempre conquistar a confiança dos TEs, para que se sintam amparados e protegidos em seu período que trabalhará no órgão. Sentindo-se assim os mesmos trabalham com mais confiança e produtividade.",5,5,Sim (Possui protocolos),É fundamental,Acompanhamento por servidor mais experiente,5,5,WhatsApp exclusivo,Diariamente,4,4,5,5,4,4,4,4,5,5,3,3,"Acho que, neste momento, essas ações estão muito bem conduzidas. Não tenho sugestão, agora.",Não vejo inconformidades.
2026-05-25T11:11:29Z,2026,5,Articulação entre gestão central do PPE e o orgão,3,"Gestão das frequências, acolhimento e integração dos jovens","Mediação de conflitos, flexibilidade e acessibilidade",4,Sim,É fundamental,"Acesso a materiais institucionais (manuais, guias, outros)",3,E-mail,Mensalmente,3,4,4,4,3,4,"Fortalecimento da postura profissional (curso, palestras e visitas do dia a dia para tal.efeito)",Inicialmente ter acesso às ferramentas básicas para o trabalho,5,5,Positivo (4-5),Outras atribuições,3,3,Desafio moderado (3),"Gestão das frequências, acolhimento e integração dos jovens","Mediação de conflitos, flexibilidade e acessibilidade",4,4,Sim (Possui protocolos),É fundamental,Múltiplas formas / Outras práticas,3,3,E-mail exclusivo,Quinzenalmente ou Mensalmente,3,3,4,4,4,4,4,4,3,3,4,4,"Fortalecimento da postura profissional (curso, palestras e visitas do dia a dia para tal.efeito)",Inicialmente ter acesso às ferramentas básicas para o trabalho
2026-05-25T11:13:30Z,2026,5,Acompanhamento do desempenho e frequência dos jovens,3,Conciliar a rotina de outras atividades com a atenção que precisam,Conseguem de desenvolver sem a necessidade de excesso de supervisão,3,Sim,É fundamental,Acompanhamento por um profissional/colega ou servidor mais experiente,5,Whatsapp,Mensalmente,1,5,1,4,5,5,Avisar com antecedência sobre o recebimento de PPE e disponibilizar PPE quando solicitado.,Não,5,5,Positivo (4-5),Acompanhamento de desempenho e frequência,3,3,Desafio moderado (3),Conciliar a rotina de outras atividades com a atenção que precisam,Conseguem de desenvolver sem a necessidade de excesso de supervisão,3,3,Sim (Possui protocolos),É fundamental,Acompanhamento por servidor mais experiente,5,5,WhatsApp exclusivo,Quinzenalmente ou Mensalmente,1,1,5,5,1,1,4,4,5,5,5,5,Avisar com antecedência sobre o recebimento de PPE e disponibilizar PPE quando solicitado.,Não
2026-05-25T11:22:49Z,2026,5,Acolhimento e integração dos jovens,4,Fazer a integração do TE com ambiente de trabalho,A receptividade das coordenações de serviço em acolher e orientar as atividades,5,Sim,É fundamental,Participação em eventos de integração,3,Whatsapp,Diariamente,3,4,5,2,4,5,"Informação sobre o perfil, do TE no recebimento deste na unidade. Não sabemos nada sobre o trabalhador",O contato do monitor com a instituição e resolução de problemas precisa ser mais eficiente.,5,5,Positivo (4-5),Outras atribuições,4,4,Alto desafio (4-5),Fazer a integração do TE com ambiente de trabalho,A receptividade das coordenações de serviço em acolher e orientar as atividades,5,5,Sim (Possui protocolos),É fundamental,Múltiplas formas / Outras práticas,3,3,WhatsApp exclusivo,Diariamente,3,3,4,4,5,5,2,2,4,4,5,5,"Informação sobre o perfil, do TE no recebimento deste na unidade. Não sabemos nada sobre o trabalhador",O contato do monitor com a instituição e resolução de problemas precisa ser mais eficiente.
2026-05-25T11:37:57Z,2026,5,"Acolhimento e integração dos jovens, como também acompanhamento do desempenho.",5,"É minha primeira experiência, então o desafio é as relações interpessoais.",Mesmo sendo dasafiador e tudo muito novo a construção das relações está sendo enriquecedora.,5,Sim,É fundamental,Acompanhamento por um profissional/colega ou servidor mais experiente,5,Presencial sem a necessidade de reunião e Watsapp,Mensalmente,1,5,1,5,5,5,"Até o momento não teho nenhuma sugestão, pois vejo que todos os TEs são acompanhados por tutor e monitor de campo em suas atividades e projetos.","Não, o programa é muito bem estrururado.",5,5,Positivo (4-5),Outras atribuições,5,5,Alto desafio (4-5),"É minha primeira experiência, então o desafio é as relações interpessoais.",Mesmo sendo dasafiador e tudo muito novo a construção das relações está sendo enriquecedora.,5,5,Sim (Possui protocolos),É fundamental,Acompanhamento por servidor mais experiente,5,5,Outros canais,Quinzenalmente ou Mensalmente,1,1,5,5,1,1,5,5,5,5,5,5,"Até o momento não teho nenhuma sugestão, pois vejo que todos os TEs são acompanhados por tutor e monitor de campo em suas atividades e projetos.","Não, o programa é muito bem estrururado."
2026-05-25T15:28:01Z,2026,5,Orientação e supervisão direta das atividades dos jovens,4,"Acompanhamento, avaliação",Carga horária,4,Não tenho certeza,Contribui significativamente,"Acesso a materiais institucionais (manuais, guias, outros)",3,Whatsapp,Diariamente,4,4,4,4,4,4,Maior flexibilidade na escala diária,Não.,5,5,Positivo (4-5),Orientação e supervisão direta,4,4,Alto desafio (4-5),"Acompanhamento, avaliação",Carga horária,4,4,Não tenho certeza / Talvez,Contribui significativamente,Múltiplas formas / Outras práticas,3,3,WhatsApp exclusivo,Diariamente,4,4,4,4,4,4,4,4,4,4,4,4,Maior flexibilidade na escala diária,Não.
2026-05-25T17:55:06Z,2026,5,Acompanhamento do desempenho e frequência dos jovens,3,"Dificuldade de alguns meninos do PPE aprender a rotina,  tempo curto do programa","Boa relação com diretoria,  boa aceitação dos profissionais em receber equipe PPE,  bom relacionamento interpessoal",5,Sim,É fundamental,Acompanhamento por um profissional/colega ou servidor mais experiente,4,Reuniões presenciais,Semanalmente,4,4,3,3,3,4,O bom acolhimento junto as equipes é primordial,Não,5,5,Positivo (4-5),Acompanhamento de desempenho e frequência,3,3,Desafio moderado (3),"Dificuldade de alguns meninos do PPE aprender a rotina, tempo curto do programa","Boa relação com diretoria, boa aceitação dos profissionais em receber equipe PPE, bom relacionamento interpessoal",5,5,Sim (Possui protocolos),É fundamental,Acompanhamento por servidor mais experiente,4,4,Outros canais,Semanalmente,4,4,4,4,3,3,3,3,3,3,4,4,O bom acolhimento junto as equipes é primordial,Não
2026-05-26T08:56:37Z,2026,5,Articulação entre gestão central do PPE e o orgão,5,"Dinâmica de encaminhamento de novos trabalhadores PPE por parte da gestão da FESF responsável; comunicação e acompanhamento, por parte da FESF, dos trabalhadores com questões de neurodivergências; suporte e treinamento para realização das atividades do AVA, além das solicitações de liberação ""em cima da hora"", seria adequado um cronograma para conhecimento antecipado a ser compartilhado com as coordenações.",Mediação para acolhimento apropriado dos trabalhadores; acompanhar o desenvolvimento profissional dos trabalhadores e a satisfação dos setores com o trabalho desenvolvido pela maioria; a articulação com a monitora de campo.,4,Sim,É fundamental,Participação em eventos de integração,4,E-mail,de acordo com a solicitação ou a cada 3 meses,5,4,3,4,4,4,"Comunicar à Instituição sobre TE com neurodivergências; Enviar cronograma de atividades mensais que necessitarão de liberação dos TE; Monitor por instituição, principalmente em instituições complexas; Suporte ao AVA para os trabalhadores sem letramento digital.",Atenção aos TE com neurodivergências,5,5,Positivo (4-5),Outras atribuições,5,5,Alto desafio (4-5),"Dinâmica de encaminhamento de novos trabalhadores PPE por parte da gestão da FESF responsável; comunicação e acompanhamento, por parte da FESF, dos trabalhadores com questões de neurodivergências; suporte e treinamento para realização das atividades do AVA, além das solicitações de liberação ""em cima da hora"", seria adequado um cronograma para conhecimento antecipado a ser compartilhado com as coordenações.",Mediação para acolhimento apropriado dos trabalhadores; acompanhar o desenvolvimento profissional dos trabalhadores e a satisfação dos setores com o trabalho desenvolvido pela maioria; a articulação com a monitora de campo.,4,4,Sim (Possui protocolos),É fundamental,Múltiplas formas / Outras práticas,4,4,E-mail exclusivo,Raramente / Eventual,5,5,4,4,3,3,4,4,4,4,4,4,"Comunicar à Instituição sobre TE com neurodivergências; Enviar cronograma de atividades mensais que necessitarão de liberação dos TE; Monitor por instituição, principalmente em instituições complexas; Suporte ao AVA para os trabalhadores sem letramento digital.",Atenção aos TE com neurodivergências
2026-05-26T15:05:51Z,2026,5,Acolhimento e integração dos jovens,4,"Relações interpessoais, uso de fardamento, preenchimento e prazo de entrega folha de frequência.",Poder motivar e contribuir no desenvolvimento de um grupo de jovens profissionais iniciando no mercado de trabalho.,5,Sim,É fundamental,Participação em eventos de integração,5,Whatsapp,Semanalmente,3,3,4,3,4,4,Fazer a transição de um TE para o outro reposto.,Não.,5,5,Positivo (4-5),Outras atribuições,4,4,Alto desafio (4-5),"Relações interpessoais, uso de fardamento, preenchimento e prazo de entrega folha de frequência.",Poder motivar e contribuir no desenvolvimento de um grupo de jovens profissionais iniciando no mercado de trabalho.,5,5,Sim (Possui protocolos),É fundamental,Múltiplas formas / Outras práticas,5,5,WhatsApp exclusivo,Semanalmente,3,3,3,3,4,4,3,3,4,4,4,4,Fazer a transição de um TE para o outro reposto.,Não.
2026-05-27T10:52:19Z,2026,5,Acompanhamento do desempenho e frequência dos jovens,2,"1. Atualmente acompanhar mais de um jovem simultaneamente, pois até o mês passado atrás tínhamos apenas um técnico, e agora temos 4 no total.
2. Conciliar as demandas de ponto focal com as minhas demais atividades da unidade.
3. Garantir a integração e adaptação dos jovens aos seus respectivos setores, pois como não atuo diretamente junto com eles, não tenho o total controle de como está sendo o desempenho com as atividades estabelecidas, além de não poder acompanhar de perto a relação com os colegas de trabalho.","1. Organização dos documentos e necessidades da FESF quanto aos técnicos, como o envio da frequência e demais documentos. Como está apenas sob minha responsabilidade, consigo controlar bem.
2. Boa interação com os chefes imediatos. 
3. Tenho contato direto com os jovens, podendo assim contribuir para desenvolvimento deles por meio de orientações profissionais.",3,Não tenho certeza,É fundamental,Apresentação formal à equipe,5,E-mail,Atualmente não possuo uma rotina pré estabelecida.,2,4,4,3,4,4,"Estabelecer uma rotina mais sólida e frequente de acompanhamento conjunto entre monitores, chefias e pontos focais para entender as dificuldades e facilidades do trabalhador educando.","Até o momento, não identifiquei inconformidades graves ou aspectos que demandem mudança estrutural urgente",5,5,Positivo (4-5),Acompanhamento de desempenho e frequência,2,2,Baixo desafio (1-2),"1. Atualmente acompanhar mais de um jovem simultaneamente, pois até o mês passado atrás tínhamos apenas um técnico, e agora temos 4 no total. 2. Conciliar as demandas de ponto focal com as minhas demais atividades da unidade. 3. Garantir a integração e adaptação dos jovens aos seus respectivos setores, pois como não atuo diretamente junto com eles, não tenho o total controle de como está sendo o desempenho com as atividades estabelecidas, além de não poder acompanhar de perto a relação com os colegas de trabalho.","1. Organização dos documentos e necessidades da FESF quanto aos técnicos, como o envio da frequência e demais documentos. Como está apenas sob minha responsabilidade, consigo controlar bem. 2. Boa interação com os chefes imediatos. 3. Tenho contato direto com os jovens, podendo assim contribuir para desenvolvimento deles por meio de orientações profissionais.",3,3,Não tenho certeza / Talvez,É fundamental,Apresentação formal à equipe,5,5,E-mail exclusivo,Raramente / Eventual,2,2,4,4,4,4,3,3,4,4,4,4,"Estabelecer uma rotina mais sólida e frequente de acompanhamento conjunto entre monitores, chefias e pontos focais para entender as dificuldades e facilidades do trabalhador educando.","Até o momento, não identifiquei inconformidades graves ou aspectos que demandem mudança estrutural urgente"
2026-05-27T12:07:31Z,2026,5,Acompanhamento do desempenho e frequência dos jovens,5,"1 Gestão de conflitos entre os colaboradores PPE e chefias dos setores;
2 Acompanhamento no AVA;
3 papel de conciliador.","1 Acolhimento;
2 Acompanhar a evolução e desempenho;",4,Sim,Contribui significativamente,Participação em eventos de integração,4,E-mail,Mensalmente,5,4,3,4,4,4,"Sugerimos melhoria na comunicação entre Setor de contratação/Fesf com as unidades destinos dos PPEs, para evitar contratação de colaboradores, para setores que não há atividades para a sua formação e isso tem causado alguns desvios de função.
Outra sugestão seria mecanismo de aproveitamento de PPEs que se destacam nos setores.",Não,5,5,Positivo (4-5),Acompanhamento de desempenho e frequência,5,5,Alto desafio (4-5),1 Gestão de conflitos entre os colaboradores PPE e chefias dos setores; 2 Acompanhamento no AVA; 3 papel de conciliador.,1 Acolhimento; 2 Acompanhar a evolução e desempenho;,4,4,Sim (Possui protocolos),Contribui significativamente,Múltiplas formas / Outras práticas,4,4,E-mail exclusivo,Quinzenalmente ou Mensalmente,5,5,4,4,3,3,4,4,4,4,4,4,"Sugerimos melhoria na comunicação entre Setor de contratação/Fesf com as unidades destinos dos PPEs, para evitar contratação de colaboradores, para setores que não há atividades para a sua formação e isso tem causado alguns desvios de função. Outra sugestão seria mecanismo de aproveitamento de PPEs que se destacam nos setores.",Não
2026-06-02T21:36:06Z,2026,5,Acompanhamento do desempenho e frequência dos jovens,4,"compreensão da equipe nas atividades proposta, redução de retrabalhos, compreensão da etica profissional","escuta ativa em todo processo, comunicação, Aumento da produtividade",5,Sim,É fundamental,Apresentação formal à equipe,3,E-mail,Diariamente,4,4,3,3,4,5,melhoria nas respostas e validação dos projetos propostos.,"sim, o prazo de substituição após vencimento do contrato é de forma lenta e não atende a demanda.",5,5,Positivo (4-5),Acompanhamento de desempenho e frequência,4,4,Alto desafio (4-5),"compreensão da equipe nas atividades proposta, redução de retrabalhos, compreensão da etica profissional","escuta ativa em todo processo, comunicação, Aumento da produtividade",5,5,Sim (Possui protocolos),É fundamental,Apresentação formal à equipe,3,3,E-mail exclusivo,Diariamente,4,4,4,4,3,3,3,3,4,4,5,5,melhoria nas respostas e validação dos projetos propostos.,"sim, o prazo de substituição após vencimento do contrato é de forma lenta e não atende a demanda."
2026-06-03T08:54:59Z,2026,5,Orientação e supervisão direta das atividades dos jovens,2,"1-  A responsabilidade das atividades executadas
2-Curto período para aprofundamento .","1- Organização clara das atividades 
2- Boa receptividade e comprometimento dos participantes durante o desenvolvimento das ações.
3- Apoio efetivo",5,Sim,É fundamental,Apresentação formal à equipe,5,Reuniões presenciais,Diariamente,5,5,1,5,5,5,"Não tenho sugestões no momento. Considero que o PPE atendeu às expectativas, com excelente acolhimento, comunicação e acompanhamento.","Não. Durante minha atuação como ponto focal, não identifiquei inconformidades ou situações que demandassem mudanças estruturais ou atenção urgente.",5,5,Positivo (4-5),Orientação e supervisão direta,2,2,Baixo desafio (1-2),1- A responsabilidade das atividades executadas 2-Curto período para aprofundamento .,1- Organização clara das atividades 2- Boa receptividade e comprometimento dos participantes durante o desenvolvimento das ações. 3- Apoio efetivo,5,5,Sim (Possui protocolos),É fundamental,Apresentação formal à equipe,5,5,Outros canais,Diariamente,5,5,5,5,1,1,5,5,5,5,5,5,"Não tenho sugestões no momento. Considero que o PPE atendeu às expectativas, com excelente acolhimento, comunicação e acompanhamento.","Não. Durante minha atuação como ponto focal, não identifiquei inconformidades ou situações que demandassem mudanças estruturais ou atenção urgente."
2026-06-03T14:31:52Z,2026,4,Orientação e supervisão direta das atividades dos jovens,4,"Desenvolvimento da postura profissional, aprendizado dos processos técnicos, desenvolvimento das habilidades de comunicação e relacionamentos.","Capacidade de aprendizagem, familiaridade com a tecnologia e abertura para desenvolvimento.",3,Não tenho certeza,É fundamental,Acompanhamento por um profissional/colega ou servidor mais experiente,4,Whatsapp,3 em 3 meses,2,3,5,4,3,2,"Sugiro incluir, no acolhimento do PPE, uma avaliação do perfil e das aptidões dos jovens, visando direcioná-los para setores mais compatíveis com suas habilidades e interesses, promovendo maior engajamento, desenvolvimento e integração às atividades.","Painel de indicadores, acompanhando frequência, permanência, desempenho, adaptação ao setor e evolução dos participantes.",4,4,Positivo (4-5),Orientação e supervisão direta,4,4,Alto desafio (4-5),"Desenvolvimento da postura profissional, aprendizado dos processos técnicos, desenvolvimento das habilidades de comunicação e relacionamentos.","Capacidade de aprendizagem, familiaridade com a tecnologia e abertura para desenvolvimento.",3,3,Não tenho certeza / Talvez,É fundamental,Acompanhamento por servidor mais experiente,4,4,WhatsApp exclusivo,Raramente / Eventual,2,2,3,3,5,5,4,4,3,3,2,2,"Sugiro incluir, no acolhimento do PPE, uma avaliação do perfil e das aptidões dos jovens, visando direcioná-los para setores mais compatíveis com suas habilidades e interesses, promovendo maior engajamento, desenvolvimento e integração às atividades.","Painel de indicadores, acompanhando frequência, permanência, desempenho, adaptação ao setor e evolução dos participantes."
2026-06-09T11:46:12Z,2026,5,Orientação e supervisão direta das atividades dos jovens,4,"Os técnicos tem pouca base educacional, maior tempo para estar mais próximo do educando e acompanhar/monitorar o estudo no AVA.","Disponibilidade para ensinar, comunicação e linguagem com os técnicos motivando para estudo e saber que deixarei um legado na trajetória profissional deles.",4,Sim,É fundamental,"Acesso a materiais institucionais (manuais, guias, outros)",4,Whatsapp,Diariamente,3,5,4,3,4,5,Nas avaliações de desempenho. Acho que é importante dar um retorno ao técnico na perspectiva do programa. Acho importante abordar mais esse processo de avaliação com os pontos focais.,"Sim, acho que todos os técnicos deveriam passar por um acompanhamento em relação à saúde no aspecto dos ricos psicossociais.",5,5,Positivo (4-5),Orientação e supervisão direta,4,4,Alto desafio (4-5),"Os técnicos tem pouca base educacional, maior tempo para estar mais próximo do educando e acompanhar/monitorar o estudo no AVA.","Disponibilidade para ensinar, comunicação e linguagem com os técnicos motivando para estudo e saber que deixarei um legado na trajetória profissional deles.",4,4,Sim (Possui protocolos),É fundamental,Múltiplas formas / Outras práticas,4,4,WhatsApp exclusivo,Diariamente,3,3,5,5,4,4,3,3,4,4,5,5,Nas avaliações de desempenho. Acho que é importante dar um retorno ao técnico na perspectiva do programa. Acho importante abordar mais esse processo de avaliação com os pontos focais.,"Sim, acho que todos os técnicos deveriam passar por um acompanhamento em relação à saúde no aspecto dos ricos psicossociais."
2026-06-09T13:04:30Z,2026,5,Orientação e supervisão direta das atividades dos jovens,5,"Manter linguagem compatível com a faixa etária do aprendiz/técnico.
Gerenciar o choque de realidade e a ansiedade do aprendiz/técnico quanto ao futuro profissional. 
Fazer o acompanhamento pedagógico e psicossocial sem perder o rigor administrativo.","Certa visão  sistêmica da Gestão Pública
Experiência  técnica
Melhor aspecto:  Ver o desenvolvimento da autonomia, a evolução da postura profissional e o orgulho do aprendiz/tecnico ao se perceber produtivo e integrado é o combustível mais potente e gratificante dessa função.",5,Não tenho certeza,É fundamental,"Acesso a materiais institucionais (manuais, guias, outros)",3,E-mail,Eventualmente,5,4,4,5,5,5,"Kit de Integração Local: Criação de um guia rápido e visual em PDF para o jovem, contendo o organograma simplificado da unidade, regras básicas de convivência, horários, uso de crachá e sistemas internos básicos.
​Implementação da Semana Zero: Antes de assumirem funções técnicas, os primeiros 3 a 5 dias na unidade deveriam ser dedicados exclusivamente ao reconhecimento do espaço, leitura do plano de trabalho e alinhamento de expectativas com o supervisor, reduzindo a ansiedade do primeiro dia.",Não,5,5,Positivo (4-5),Orientação e supervisão direta,5,5,Alto desafio (4-5),Manter linguagem compatível com a faixa etária do aprendiz/técnico. Gerenciar o choque de realidade e a ansiedade do aprendiz/técnico quanto ao futuro profissional. Fazer o acompanhamento pedagógico e psicossocial sem perder o rigor administrativo.,"Certa visão sistêmica da Gestão Pública Experiência técnica Melhor aspecto: Ver o desenvolvimento da autonomia, a evolução da postura profissional e o orgulho do aprendiz/tecnico ao se perceber produtivo e integrado é o combustível mais potente e gratificante dessa função.",5,5,Não tenho certeza / Talvez,É fundamental,Múltiplas formas / Outras práticas,3,3,E-mail exclusivo,Raramente / Eventual,5,5,4,4,4,4,5,5,5,5,5,5,"Kit de Integração Local: Criação de um guia rápido e visual em PDF para o jovem, contendo o organograma simplificado da unidade, regras básicas de convivência, horários, uso de crachá e sistemas internos básicos. ​Implementação da Semana Zero: Antes de assumirem funções técnicas, os primeiros 3 a 5 dias na unidade deveriam ser dedicados exclusivamente ao reconhecimento do espaço, leitura do plano de trabalho e alinhamento de expectativas com o supervisor, reduzindo a ansiedade do primeiro dia.",Não
2026-06-10T10:09:13Z,2026,5,Orientação e supervisão direta das atividades dos jovens,3,o tempo de contrato que implica na rotatividade de pessoas.,Poder contribuir na formação dos PPE's,4,Não tenho certeza,É fundamental,Apresentação formal à equipe,1,Não temos contato com a monitoria,Diariamente,4,5,3,3,3,5,Não temos sugestão.,Aumento ou extensão do contrato para os que se destacam no desempenho das funções.,5,5,Positivo (4-5),Orientação e supervisão direta,3,3,Desafio moderado (3),o tempo de contrato que implica na rotatividade de pessoas.,Poder contribuir na formação dos PPE's,4,4,Não tenho certeza / Talvez,É fundamental,Apresentação formal à equipe,1,1,Outros canais,Diariamente,4,4,5,5,3,3,3,3,3,3,5,5,Não temos sugestão.,Aumento ou extensão do contrato para os que se destacam no desempenho das funções.
2026-06-10T19:36:04Z,2026,5,Orientação e supervisão direta das atividades dos jovens,4,"Ensinar informática básica / Promoção no desenvolvimento de comportamentos alinhados às boas práticas e às normas do ambiente de trabalho.
",Constante feedback/ Paciência para ensinar,3,Não tenho certeza,Contribui significativamente,"Acesso a materiais institucionais (manuais, guias, outros)",3,E-mail,Diariamente,2,4,5,3,3,4,"Não tenho certeza se esse tema já é abordado com eles, mas considero importante reforçar orientações sobre postura e conduta no ambiente de trabalho, especialmente no contexto do serviço público.
Além disso, percebo que, em algumas situações, tomo conhecimento das datas dos seminários apenas por meio dos PPEs. Até o momento, apenas uma vez recebi essa informação de forma antecipada. Uma comunicação prévia e mais sistematizada poderia contribuir para um melhor planejamento das atividades.",N/A,5,5,Positivo (4-5),Orientação e supervisão direta,4,4,Alto desafio (4-5),Ensinar informática básica / Promoção no desenvolvimento de comportamentos alinhados às boas práticas e às normas do ambiente de trabalho.,Constante feedback/ Paciência para ensinar,3,3,Não tenho certeza / Talvez,Contribui significativamente,Múltiplas formas / Outras práticas,3,3,E-mail exclusivo,Diariamente,2,2,4,4,5,5,3,3,3,3,4,4,"Não tenho certeza se esse tema já é abordado com eles, mas considero importante reforçar orientações sobre postura e conduta no ambiente de trabalho, especialmente no contexto do serviço público. Além disso, percebo que, em algumas situações, tomo conhecimento das datas dos seminários apenas por meio dos PPEs. Até o momento, apenas uma vez recebi essa informação de forma antecipada. Uma comunicação prévia e mais sistematizada poderia contribuir para um melhor planejamento das atividades.",N/A
2026-06-12T11:18:03Z,2026,5,Receber o PPE no meu setor e acompanha lo,3,"1 - Avaliação 
2 - Compreensão","1 - interação 
2 - agregação",5,Não tenho certeza,É fundamental,Apresentação formal à equipe,4,Reuniões presenciais,Diariamente,4,4,3,3,4,5,Sem sugestão,Aproveitar os que apresentam excelente desempenho após o período de 2 anos de contrato,5,5,Positivo (4-5),Outras atribuições,3,3,Desafio moderado (3),1 - Avaliação 2 - Compreensão,1 - interação 2 - agregação,5,5,Não tenho certeza / Talvez,É fundamental,Apresentação formal à equipe,4,4,Outros canais,Diariamente,4,4,4,4,3,3,3,3,4,4,5,5,Sem sugestão,Aproveitar os que apresentam excelente desempenho após o período de 2 anos de contrato
2026-06-12T11:23:05Z,2026,5,Acompanhamento do desempenho e frequência dos jovens,3,"Único desafio é o tempo, que poderia ser maior. Quando eles estão entrosados com as atividades da instituição, tem que sair.","Bom relacionamento com todos 
Auxílio no trabalho que é atribuído a eles 

",5,Sim,É fundamental,Participação em eventos de integração,4,Whatsapp,Diariamente,1,5,1,5,5,5,Aumentar o tempo de contrato.,Não,5,5,Positivo (4-5),Acompanhamento de desempenho e frequência,3,3,Desafio moderado (3),"Único desafio é o tempo, que poderia ser maior. Quando eles estão entrosados com as atividades da instituição, tem que sair.",Bom relacionamento com todos Auxílio no trabalho que é atribuído a eles,5,5,Sim (Possui protocolos),É fundamental,Múltiplas formas / Outras práticas,4,4,WhatsApp exclusivo,Diariamente,1,1,5,5,1,1,5,5,5,5,5,5,Aumentar o tempo de contrato.,Não
2026-06-12T11:38:47Z,2026,5,Orientação e supervisão direta das atividades dos jovens,3,"1. Garantir a comunicação eficiente entre a instituição, os alunos e os demais setores envolvidos, assegurando que as informações sejam transmitidas de forma clara e no tempo adequado.
2. Acompanhar e solucionar demandas dos alunos, muitas vezes relacionadas a processos educacionais, documentação e acesso a sistemas.
3. Gerenciar prazos e processos administrativos, conciliando diferentes solicitações e garantindo que as atividades sejam executadas conforme as orientações e cronogramas estabelecidos.","1. Contato direto com os alunos, permitindo acompanhar de perto suas necessidades e contribuir para sua trajetória acadêmica.
2.	Mediação entre diferentes setores, facilitando a resolução de demandas e fortalecendo a comunicação institucional.
3.	Impacto positivo no processo educacional, ao orientar, esclarecer dúvidas e auxiliar na busca de soluções, contribuindo para uma melhor experiência dos alunos.",5,Sim,É fundamental,Acompanhamento por um profissional/colega ou servidor mais experiente,5,E-mail,Diariamente,4,4,5,4,5,5,"1. o acolhimento dos alunos, garantindo uma escuta mais ativa, orientação clara desde o início da jornada acadêmica e maior proximidade com suas necessidades.
2.	Aprimorar a articulação entre setores, promovendo fluxos mais integrados, alinhamento de informações e maior agilidade na resolução de demandas.
3.	Melhorar a comunicação e o acompanhamento dos estudantes, por meio de contatos mais frequentes, informações objetivas e monitoramento contínuo para identificar e atender necessidades de forma preventiva","O PPE apresenta pontos que merecem atenção prioritária, especialmente quanto à clareza das responsabilidades, definição de indicadores de desempenho, mecanismos de monitoramento e atualização. Fortalecimento nos projetos de maneira que sejam estimulados a realizar projeto eficazes que tenham e tragam benefícios para funcionários e população.",5,5,Positivo (4-5),Orientação e supervisão direta,3,3,Desafio moderado (3),"1. Garantir a comunicação eficiente entre a instituição, os alunos e os demais setores envolvidos, assegurando que as informações sejam transmitidas de forma clara e no tempo adequado. 2. Acompanhar e solucionar demandas dos alunos, muitas vezes relacionadas a processos educacionais, documentação e acesso a sistemas. 3. Gerenciar prazos e processos administrativos, conciliando diferentes solicitações e garantindo que as atividades sejam executadas conforme as orientações e cronogramas estabelecidos.","1. Contato direto com os alunos, permitindo acompanhar de perto suas necessidades e contribuir para sua trajetória acadêmica. 2. Mediação entre diferentes setores, facilitando a resolução de demandas e fortalecendo a comunicação institucional. 3. Impacto positivo no processo educacional, ao orientar, esclarecer dúvidas e auxiliar na busca de soluções, contribuindo para uma melhor experiência dos alunos.",5,5,Sim (Possui protocolos),É fundamental,Acompanhamento por servidor mais experiente,5,5,E-mail exclusivo,Diariamente,4,4,4,4,5,5,4,4,5,5,5,5,"1. o acolhimento dos alunos, garantindo uma escuta mais ativa, orientação clara desde o início da jornada acadêmica e maior proximidade com suas necessidades. 2. Aprimorar a articulação entre setores, promovendo fluxos mais integrados, alinhamento de informações e maior agilidade na resolução de demandas. 3. Melhorar a comunicação e o acompanhamento dos estudantes, por meio de contatos mais frequentes, informações objetivas e monitoramento contínuo para identificar e atender necessidades de forma preventiva","O PPE apresenta pontos que merecem atenção prioritária, especialmente quanto à clareza das responsabilidades, definição de indicadores de desempenho, mecanismos de monitoramento e atualização. Fortalecimento nos projetos de maneira que sejam estimulados a realizar projeto eficazes que tenham e tragam benefícios para funcionários e população."
2026-06-15T10:28:05Z,2026,5,Orientação e supervisão direta das atividades dos jovens,3,"Muita demanda de trabalho,  como referência de outras pastas; falta de fardamento necessário; saúde mental de muitos Trabalhadores educandos.","Gostar do papel de ponto- focal, escuta qualificada; equipe disposta ao acolhimento dos TEs.",5,Sim,Contribui significativamente,Apresentação formal à equipe,3,Whatsapp,Mensalmente,3,4,5,3,4,5,"A supervisora deveria vir com mais frequência na unidade e deveria ser mais resolutiva nas demandas; deveriam enviar TEs novos, antes da conclusão dos contratos dos atuantes; deveriamos ter a possibilidade de darmos devolutivas sobre as falhas no currículo formativos às escolas técnicas formadoras.",Não,5,5,Positivo (4-5),Orientação e supervisão direta,3,3,Desafio moderado (3),"Muita demanda de trabalho, como referência de outras pastas; falta de fardamento necessário; saúde mental de muitos Trabalhadores educandos.","Gostar do papel de ponto- focal, escuta qualificada; equipe disposta ao acolhimento dos TEs.",5,5,Sim (Possui protocolos),Contribui significativamente,Apresentação formal à equipe,3,3,WhatsApp exclusivo,Quinzenalmente ou Mensalmente,3,3,4,4,5,5,3,3,4,4,5,5,"A supervisora deveria vir com mais frequência na unidade e deveria ser mais resolutiva nas demandas; deveriam enviar TEs novos, antes da conclusão dos contratos dos atuantes; deveriamos ter a possibilidade de darmos devolutivas sobre as falhas no currículo formativos às escolas técnicas formadoras.",Não
2026-06-15T10:34:15Z,2026,5,Acompanhamento do desempenho e frequência dos jovens,4,Falta de PPE na BRS 28 Dires para realização das tarefas.,"Acolhimento, respeito e boa vontade em ensinar as tarefas aos PPEs.",5,Não tenho certeza,É fundamental,Acompanhamento por um profissional/colega ou servidor mais experiente,5,Whatsapp,Mensalmente,2,5,1,5,5,5,"Que tenha mais contratações de PPEs, pois a iniciativa é excelente para inserir os jovens no mercado de trabalho.",Não,5,5,Positivo (4-5),Acompanhamento de desempenho e frequência,4,4,Alto desafio (4-5),Falta de PPE na BRS 28 Dires para realização das tarefas.,"Acolhimento, respeito e boa vontade em ensinar as tarefas aos PPEs.",5,5,Não tenho certeza / Talvez,É fundamental,Acompanhamento por servidor mais experiente,5,5,WhatsApp exclusivo,Quinzenalmente ou Mensalmente,2,2,5,5,1,1,5,5,5,5,5,5,"Que tenha mais contratações de PPEs, pois a iniciativa é excelente para inserir os jovens no mercado de trabalho.",Não
2026-06-15T11:05:58Z,2026,5,Acolhimento; avompanhamento; administração; frequência e apoio eborientação aos projetos de melhoria.,3,"1. Acompanhar tudo em tempo oportuno;
2. Conciliar as demandas contemplando o gerenciamento da Unidade e PPE;
3. Participar de todos os momentos do PPE, como AVA.","1. Capacidade de ouvir;
2. Capacidade de dialogar e transmitir;
3. Condução e aconselhamento;",5,Sim,É fundamental,Apresentação formal à equipe,4,Whatsapp,Semanalmente,2,4,3,4,4,4,"1. Contratação imediata do TE_PPE, após término do contrato pelo Estado, que tenha sido pró-ativo, colaborador, com produtividade acima do esperado, comprovado pela chefia e indicado pela mesma;
2. Mais rigor na seleção dos TE, na Escola Técnica, avaliando mais aspectos, para além da medida educacional quantitativa;","Sim. O Acompanhamento Psicossocial necessita ser mais frequente durante o período de experiência no serviço público e, não obstante, aplique-se na sugestão ""2"" acima.",5,5,Positivo (4-5),Orientação e supervisão direta,3,3,Desafio moderado (3),"1. Acompanhar tudo em tempo oportuno; 2. Conciliar as demandas contemplando o gerenciamento da Unidade e PPE; 3. Participar de todos os momentos do PPE, como AVA.",1. Capacidade de ouvir; 2. Capacidade de dialogar e transmitir; 3. Condução e aconselhamento;,5,5,Sim (Possui protocolos),É fundamental,Apresentação formal à equipe,4,4,WhatsApp exclusivo,Semanalmente,2,2,4,4,3,3,4,4,4,4,4,4,"1. Contratação imediata do TE_PPE, após término do contrato pelo Estado, que tenha sido pró-ativo, colaborador, com produtividade acima do esperado, comprovado pela chefia e indicado pela mesma; 2. Mais rigor na seleção dos TE, na Escola Técnica, avaliando mais aspectos, para além da medida educacional quantitativa;","Sim. O Acompanhamento Psicossocial necessita ser mais frequente durante o período de experiência no serviço público e, não obstante, aplique-se na sugestão ""2"" acima."
2026-06-15T11:11:02Z,2026,3,Neste item deveria ser possível marcar mais de uma opcão,3,"1- Dificuldade com as Chefias imediatas dos Poses
2- Incorporação dos vícios institucionais dos demais servidores, por parte dos PPE
3- Impossibilidade de contratação dos PPE que se destacam, quando do término do contrato","Equipe da Gestao de Pessoas  que entende toda a estrutura do PPE e da Unidade
Facilidade de interlocução com os Técnicos 
",3,Sim,Contribui significativamente,Participação em eventos de integração,3,Whatsapp,A unidade tem PPE em diversos setores,3,3,3,3,4,4,"A FESF entender que para cada Técnico em área de formação diferente, existe uma chefia imediata que é quem de fato acompanha a rotina profissional desse trabalhador . Por esse motivo a relação com o ponto focal é administrativa, burocrática. Por mais atuante que seja o ponto focal",Necesaria antecedência para programação dos eventos externos,3,3,Neutro (3),Outras atribuições,3,3,Desafio moderado (3),"1- Dificuldade com as Chefias imediatas dos Poses 2- Incorporação dos vícios institucionais dos demais servidores, por parte dos PPE 3- Impossibilidade de contratação dos PPE que se destacam, quando do término do contrato",Equipe da Gestao de Pessoas que entende toda a estrutura do PPE e da Unidade Facilidade de interlocução com os Técnicos,3,3,Sim (Possui protocolos),Contribui significativamente,Múltiplas formas / Outras práticas,3,3,WhatsApp exclusivo,Raramente / Eventual,3,3,3,3,3,3,3,3,4,4,4,4,"A FESF entender que para cada Técnico em área de formação diferente, existe uma chefia imediata que é quem de fato acompanha a rotina profissional desse trabalhador . Por esse motivo a relação com o ponto focal é administrativa, burocrática. Por mais atuante que seja o ponto focal",Necesaria antecedência para programação dos eventos externos
2026-06-15T11:18:15Z,2026,5,Acompanhamento do desempenho e frequência dos jovens,4,"Monitoramento, supervisão e Articulação",****,4,Não,Contribui significativamente,Acompanhamento por um profissional/colega ou servidor mais experiente,4,Telefone celular,Mensalmente,4,4,1,3,4,4,Reuniões com os supervisores serem mensal e não trimestres,Não,5,5,Positivo (4-5),Acompanhamento de desempenho e frequência,4,4,Alto desafio (4-5),"Monitoramento, supervisão e Articulação",****,4,4,Não (Não possui),Contribui significativamente,Acompanhamento por servidor mais experiente,4,4,Telefone / Contato direto,Quinzenalmente ou Mensalmente,4,4,4,4,1,1,3,3,4,4,4,4,Reuniões com os supervisores serem mensal e não trimestres,Não
2026-06-15T11:24:41Z,2026,5,Orientação e supervisão direta das atividades dos jovens,5,"Ausência da maturidade profissional 
Falta de clareza nas informações contratuais
Falta de vontade 
","Fácil acesso a monitoria 
Abertura para diálogo com a monitoria 
Não consigo pensar em um terceiro ponto",4,Sim,É fundamental,Acompanhamento por um profissional/colega ou servidor mais experiente,3,Whatsapp,Diariamente,4,2,5,3,3,4,Melhora no planejamento e comunicação prévia,"Como ex PPE acho que o programa deveria ser mais voltado para o profissional, ainda sinto que parte da imaturidade continua é espelho do tratamento que se assemelha a escola e não realmente ao mercado de trabalho.",5,5,Positivo (4-5),Orientação e supervisão direta,5,5,Alto desafio (4-5),Ausência da maturidade profissional Falta de clareza nas informações contratuais Falta de vontade,Fácil acesso a monitoria Abertura para diálogo com a monitoria Não consigo pensar em um terceiro ponto,4,4,Sim (Possui protocolos),É fundamental,Acompanhamento por servidor mais experiente,3,3,WhatsApp exclusivo,Diariamente,4,4,2,2,5,5,3,3,3,3,4,4,Melhora no planejamento e comunicação prévia,"Como ex PPE acho que o programa deveria ser mais voltado para o profissional, ainda sinto que parte da imaturidade continua é espelho do tratamento que se assemelha a escola e não realmente ao mercado de trabalho."
2026-06-15T11:31:49Z,2026,4,Orientação e supervisão direta das atividades dos jovens,3,Acúmulo de diversas funções - falta de remuneração -  não possibilidade de contratação dos profissionais em destaque.,Proximidade ao colaborador - correção imediata de não conformidades - elogio direto,4,Não tenho certeza,É fundamental,Acompanhamento por um profissional/colega ou servidor mais experiente,4,E-mail,Diariamente,3,4,2,3,4,4,"Falta inserir outros profissionais da área como técnicos em farmácia, segurança do trabalho ou técnico em química.",Não,4,4,Positivo (4-5),Orientação e supervisão direta,3,3,Desafio moderado (3),Acúmulo de diversas funções - falta de remuneração - não possibilidade de contratação dos profissionais em destaque.,Proximidade ao colaborador - correção imediata de não conformidades - elogio direto,4,4,Não tenho certeza / Talvez,É fundamental,Acompanhamento por servidor mais experiente,4,4,E-mail exclusivo,Diariamente,3,3,4,4,2,2,3,3,4,4,4,4,"Falta inserir outros profissionais da área como técnicos em farmácia, segurança do trabalho ou técnico em química.",Não
2026-06-15T11:36:44Z,2026,5,Articulação entre gestão central do PPE e o orgão,4,Reposição de pessoal; retorno da Fesf em algumas situações.,Acolhimento e orientações.,4,Sim,É fundamental,Participação em eventos de integração,3,Whatsapp,o acompanhamento é feito pela gestão imediata,2,5,3,3,4,4,"Verificar a possibilidade de informar com antecedência quando houver admissão, pois geralmente ficamos cientes no momento em que eles se apresentam.",Não.,5,5,Positivo (4-5),Outras atribuições,4,4,Alto desafio (4-5),Reposição de pessoal; retorno da Fesf em algumas situações.,Acolhimento e orientações.,4,4,Sim (Possui protocolos),É fundamental,Múltiplas formas / Outras práticas,3,3,WhatsApp exclusivo,Raramente / Eventual,2,2,5,5,3,3,3,3,4,4,4,4,"Verificar a possibilidade de informar com antecedência quando houver admissão, pois geralmente ficamos cientes no momento em que eles se apresentam.",Não.
2026-06-15T11:45:45Z,2026,5,Orientação e supervisão direta das atividades dos jovens,3,"Manter estes profissionais na unidade, depois da conclusão do período como PPE.","Experiência, Gostar de Ensisar e a a Habilidade de compartilhamento o conhecimento adquirido.",5,Sim,É fundamental,Acompanhamento por um profissional/colega ou servidor mais experiente,4,E-mail,Semanalmente,3,4,3,3,4,4,"Feedback ao Ponto Focal, em casos de informações negativas que cheguem a respeito do PPE.",Feedback quanto as atividades do AVA.,5,5,Positivo (4-5),Orientação e supervisão direta,3,3,Desafio moderado (3),"Manter estes profissionais na unidade, depois da conclusão do período como PPE.","Experiência, Gostar de Ensisar e a a Habilidade de compartilhamento o conhecimento adquirido.",5,5,Sim (Possui protocolos),É fundamental,Acompanhamento por servidor mais experiente,4,4,E-mail exclusivo,Semanalmente,3,3,4,4,3,3,3,3,4,4,4,4,"Feedback ao Ponto Focal, em casos de informações negativas que cheguem a respeito do PPE.",Feedback quanto as atividades do AVA.
2026-06-15T11:47:32Z,2026,5,Orientação e supervisão direta das atividades dos jovens,4,"1. Falta de esclarecimentos e alinhamento por parte da FESF, o que dificulta o entendimento dos fluxos, responsabilidades e procedimentos relacionados ao programa.
2. Ausência de participação no processo de seleção dos trabalhadores, fazendo com que a unidade não tenha conhecimento prévio sobre o perfil profissional que será recebido.
3. Inexistência de treinamento ou orientação, o que gera insegurança no acolhimento, acompanhamento e desenvolvimento das atividades junto aos profissionais vinculados ao programa.","1. Acompanhamento próximo do desenvolvimento profissional, permitindo orientar, esclarecer dúvidas.
2. Integração entre a equipe e os profissionais recebidos.
3. Contribuição para a qualidade da assistência e dos processos de trabalho, por meio da supervisão das atividades, do compartilhamento de conhecimentos e da promoção de boas práticas no setor de Nutrição.",2,Não tenho certeza,É fundamental,Apresentação formal à equipe,4,Whatsapp,Diariamente,3,3,5,1,3,3,"Melhorar a comunicação e o alinhamento entre a FESF e o supervisor do setor onde o trabalhador está alocado, processo de seleção mais criterioso.",Não,5,5,Positivo (4-5),Orientação e supervisão direta,4,4,Alto desafio (4-5),"1. Falta de esclarecimentos e alinhamento por parte da FESF, o que dificulta o entendimento dos fluxos, responsabilidades e procedimentos relacionados ao programa. 2. Ausência de participação no processo de seleção dos trabalhadores, fazendo com que a unidade não tenha conhecimento prévio sobre o perfil profissional que será recebido. 3. Inexistência de treinamento ou orientação, o que gera insegurança no acolhimento, acompanhamento e desenvolvimento das atividades junto aos profissionais vinculados ao programa.","1. Acompanhamento próximo do desenvolvimento profissional, permitindo orientar, esclarecer dúvidas. 2. Integração entre a equipe e os profissionais recebidos. 3. Contribuição para a qualidade da assistência e dos processos de trabalho, por meio da supervisão das atividades, do compartilhamento de conhecimentos e da promoção de boas práticas no setor de Nutrição.",2,2,Não tenho certeza / Talvez,É fundamental,Apresentação formal à equipe,4,4,WhatsApp exclusivo,Diariamente,3,3,3,3,5,5,1,1,3,3,3,3,"Melhorar a comunicação e o alinhamento entre a FESF e o supervisor do setor onde o trabalhador está alocado, processo de seleção mais criterioso.",Não
2026-06-15T12:00:39Z,2026,5,Acompanhamento do desempenho e frequência dos jovens,5,"Mudança comportamental, plano de aprendizagem e motivação desse jovem no ambiente de primeiro emprego.","Entusiasmo pelo novo vínculo, criatividade, parceria em equipe.",5,Sim,É fundamental,Acompanhamento por um profissional/colega ou servidor mais experiente,5,Whatsapp,Mensalmente,1,4,3,4,5,5,Garantir um espaço de diálogo onde seja incentivado o protagonismo desse jovem em nosso ambiente de desenvolvimento profissional. Esse canal abre possibilidades para segurança de quem se é e onde se quer chegar.,Não. Acredito que a troca com esses jovens profissionais e o ponto focal da minha unidade é satisfatória com partilha de convivências e feedbacks de orientação do trabalhador.,5,5,Positivo (4-5),Acompanhamento de desempenho e frequência,5,5,Alto desafio (4-5),"Mudança comportamental, plano de aprendizagem e motivação desse jovem no ambiente de primeiro emprego.","Entusiasmo pelo novo vínculo, criatividade, parceria em equipe.",5,5,Sim (Possui protocolos),É fundamental,Acompanhamento por servidor mais experiente,5,5,WhatsApp exclusivo,Quinzenalmente ou Mensalmente,1,1,4,4,3,3,4,4,5,5,5,5,Garantir um espaço de diálogo onde seja incentivado o protagonismo desse jovem em nosso ambiente de desenvolvimento profissional. Esse canal abre possibilidades para segurança de quem se é e onde se quer chegar.,Não. Acredito que a troca com esses jovens profissionais e o ponto focal da minha unidade é satisfatória com partilha de convivências e feedbacks de orientação do trabalhador.
2026-06-15T12:02:18Z,2026,4,Orientação e supervisão direta das atividades dos jovens,3,Pontualidade,"Comunicativa, paciente",5,Não tenho certeza,É fundamental,Acompanhamento por um profissional/colega ou servidor mais experiente,4,Whatsapp,Diariamente,4,5,4,4,3,4,Fazendo capacitação,Não,4,4,Positivo (4-5),Orientação e supervisão direta,3,3,Desafio moderado (3),Pontualidade,"Comunicativa, paciente",5,5,Não tenho certeza / Talvez,É fundamental,Acompanhamento por servidor mais experiente,4,4,WhatsApp exclusivo,Diariamente,4,4,5,5,4,4,4,4,3,3,4,4,Fazendo capacitação,Não
2026-06-15T12:42:56Z,2026,5,Orientação e supervisão direta das atividades dos jovens,5,"Atenção, aptidão e desenvolvimento","Garantir a comunicação eficiente entre os setores, Gerenciar mudanças e engajar as equipes,Manter a conformidade com normas e processos",3,Sim,Contribui significativamente,Acompanhamento por um profissional/colega ou servidor mais experiente,4,Reuniões presenciais,Diariamente,3,3,3,3,3,4,Realizar teste de conhecimento e aptidão antes de entrar,Não,5,5,Positivo (4-5),Orientação e supervisão direta,5,5,Alto desafio (4-5),"Atenção, aptidão e desenvolvimento","Garantir a comunicação eficiente entre os setores, Gerenciar mudanças e engajar as equipes,Manter a conformidade com normas e processos",3,3,Sim (Possui protocolos),Contribui significativamente,Acompanhamento por servidor mais experiente,4,4,Outros canais,Diariamente,3,3,3,3,3,3,3,3,3,3,4,4,Realizar teste de conhecimento e aptidão antes de entrar,Não
2026-06-15T12:52:38Z,2026,5,Acompanhamento do desempenho e frequência dos jovens,5,"1 Conciliar as responsabilidades do cargo com o aprendizado de novas atividades.
2 Manter uma comunicação eficiente entre a equipe e os gestores.
3 Lidar com situações que exigem tomada de decisão e resolução de problemas.","1 Oportunidade de desenvolver habilidades de liderança e comunicação.
2 Aprender na prática sobre o funcionamento da organização.
3 Contribuir para melhorias nos processos e ajudar a equipe a alcançar resultados.",5,Sim,É fundamental,"Acesso a materiais institucionais (manuais, guias, outros)",5,Reuniões presenciais,Mensalmente,5,5,5,5,5,5,"Realizar mais reuniões de acompanhamento, melhorar a comunicação entre os participantes e a coordenação e oferecer mais capacitações.","No momento, não identifiquei nenhuma inconformidade grave, apenas a necessidade de fortalecer o acompanhamento e o suporte aos participantes.",5,5,Positivo (4-5),Acompanhamento de desempenho e frequência,5,5,Alto desafio (4-5),1 Conciliar as responsabilidades do cargo com o aprendizado de novas atividades. 2 Manter uma comunicação eficiente entre a equipe e os gestores. 3 Lidar com situações que exigem tomada de decisão e resolução de problemas.,1 Oportunidade de desenvolver habilidades de liderança e comunicação. 2 Aprender na prática sobre o funcionamento da organização. 3 Contribuir para melhorias nos processos e ajudar a equipe a alcançar resultados.,5,5,Sim (Possui protocolos),É fundamental,Múltiplas formas / Outras práticas,5,5,Outros canais,Quinzenalmente ou Mensalmente,5,5,5,5,5,5,5,5,5,5,5,5,"Realizar mais reuniões de acompanhamento, melhorar a comunicação entre os participantes e a coordenação e oferecer mais capacitações.","No momento, não identifiquei nenhuma inconformidade grave, apenas a necessidade de fortalecer o acompanhamento e o suporte aos participantes."
2026-06-15T12:54:39Z,2026,5,Acompanhamento do desempenho e frequência dos jovens,5,"Restrição de atividades domingos, feridos e noites, dificultando a confecção de escala.
Tempo curto de contrato.
Falta de projeto para aproveitamento desses profissionais, após término do projeto primeiro emprego.
",Trocar as experiências,4,Sim,Contribui significativamente,"Acesso a materiais institucionais (manuais, guias, outros)",4,Whatsapp,Diariamente,5,4,5,3,3,4,"Não tive boas experiências com o projeto dentro da enfermagem, muitas regras e restrições","Sim, o formato",5,5,Positivo (4-5),Acompanhamento de desempenho e frequência,5,5,Alto desafio (4-5),"Restrição de atividades domingos, feridos e noites, dificultando a confecção de escala. Tempo curto de contrato. Falta de projeto para aproveitamento desses profissionais, após término do projeto primeiro emprego.",Trocar as experiências,4,4,Sim (Possui protocolos),Contribui significativamente,Múltiplas formas / Outras práticas,4,4,WhatsApp exclusivo,Diariamente,5,5,4,4,5,5,3,3,3,3,4,4,"Não tive boas experiências com o projeto dentro da enfermagem, muitas regras e restrições","Sim, o formato"
2026-06-15T12:55:56Z,2026,5,Orientação e supervisão direta das atividades dos jovens,5,"Falta de experiência prática na área, imposição em assumir um posto de trabalho que não teve contato anterior.","Receptividade dos trabalhadores com o que é novo, maior facilidade em dar e receber  feedbacks",3,Não tenho certeza,Contribui significativamente,Acompanhamento por um profissional/colega ou servidor mais experiente,3,Whatsapp,Semanalmente,3,5,3,3,4,4,Melhor comunicação com o profissional orientador que acompanha o profissional a unidade.,Ausência de tempo hábil para que o PPE permaneça como aprendiz em serviço sendo acompanhado pelo profissional orientador/supervisor direto antes de assumir o trabalho sozinho.,5,5,Positivo (4-5),Orientação e supervisão direta,5,5,Alto desafio (4-5),"Falta de experiência prática na área, imposição em assumir um posto de trabalho que não teve contato anterior.","Receptividade dos trabalhadores com o que é novo, maior facilidade em dar e receber feedbacks",3,3,Não tenho certeza / Talvez,Contribui significativamente,Acompanhamento por servidor mais experiente,3,3,WhatsApp exclusivo,Semanalmente,3,3,5,5,3,3,3,3,4,4,4,4,Melhor comunicação com o profissional orientador que acompanha o profissional a unidade.,Ausência de tempo hábil para que o PPE permaneça como aprendiz em serviço sendo acompanhado pelo profissional orientador/supervisor direto antes de assumir o trabalho sozinho.
2026-06-15T13:00:41Z,2026,5,Orientação e supervisão direta das atividades dos jovens,5,"Comunicação, aprendizagem e mudanças","Disseminar Capacitação,  gerenciar conflitos de interesses e estimular o desenvolvimento",4,Sim,É fundamental,Participação em eventos de integração,5,Reuniões presenciais,Diariamente,2,4,3,4,4,5,"Treinamentos e capacitações, práticas interativas e avaliações dinamicas",Nao,5,5,Positivo (4-5),Orientação e supervisão direta,5,5,Alto desafio (4-5),"Comunicação, aprendizagem e mudanças","Disseminar Capacitação, gerenciar conflitos de interesses e estimular o desenvolvimento",4,4,Sim (Possui protocolos),É fundamental,Múltiplas formas / Outras práticas,5,5,Outros canais,Diariamente,2,2,4,4,3,3,4,4,4,4,5,5,"Treinamentos e capacitações, práticas interativas e avaliações dinamicas",Nao
2026-06-15T13:02:06Z,2026,5,Acolhimento e orientação ao Jovem destinado ao nosso setor,5,"Orientação,  Ensinar as demandas, Responsabilidade com processo de ensino aos Jovens.","Convivência, Interação, Comunicação.",5,Sim,É fundamental,Acompanhamento por um profissional/colega ou servidor mais experiente,5,Whatsapp,Diariamente,4,5,4,4,5,5,"Interagir constantemente e pessoalmente passando as informações,  e acompanhando o processo, com paciência e tranquilidade",Não,5,5,Positivo (4-5),Orientação e supervisão direta,5,5,Alto desafio (4-5),"Orientação, Ensinar as demandas, Responsabilidade com processo de ensino aos Jovens.","Convivência, Interação, Comunicação.",5,5,Sim (Possui protocolos),É fundamental,Acompanhamento por servidor mais experiente,5,5,WhatsApp exclusivo,Diariamente,4,4,5,5,4,4,4,4,5,5,5,5,"Interagir constantemente e pessoalmente passando as informações, e acompanhando o processo, com paciência e tranquilidade",Não
2026-06-15T13:23:59Z,2026,5,Orientação e supervisão direta das atividades dos jovens,4,Monitoramento dos resultados diário.,"Na maioria das vezes o servidor quando bem orientado executa suas atividades com excelência, mesmo não sendo monitorado no horário de expediente todo.",5,Sim,Contribui significativamente,Acompanhamento por um profissional/colega ou servidor mais experiente,5,E-mail,Mensalmente,2,5,3,2,5,5,"Realizar avaliações periódicas para identificar avanços, desafios e oportunidades de melhoria.",Nao,5,5,Positivo (4-5),Orientação e supervisão direta,4,4,Alto desafio (4-5),Monitoramento dos resultados diário.,"Na maioria das vezes o servidor quando bem orientado executa suas atividades com excelência, mesmo não sendo monitorado no horário de expediente todo.",5,5,Sim (Possui protocolos),Contribui significativamente,Acompanhamento por servidor mais experiente,5,5,E-mail exclusivo,Quinzenalmente ou Mensalmente,2,2,5,5,3,3,2,2,5,5,5,5,"Realizar avaliações periódicas para identificar avanços, desafios e oportunidades de melhoria.",Nao
2026-06-15T13:25:01Z,2026,5,Orientação e supervisão direta das atividades dos jovens,5,"Inserir no contexto das atribuições,  adequar na ações do setor, orientar no quanto é importante o desempenho deles.","Abraçar enquanto coordenação,  orientar e acolher no que for necessário, visando sempre o bem estar de cada um respeitando a personalidade e limites como seres individuais.",5,Não,É fundamental,Acompanhamento por um profissional/colega ou servidor mais experiente,5,Whatsapp,Diariamente,5,5,5,5,5,5,"Que haja momentos de integração,  com mais aperfeiçoamento, com vídeos, cursos, palestras , etc que venham motivar na introdução  deles no ambiente novo que estarão inseridos.","Sim, Introduzir mais palestras motivadoras e esclarecedoras a respeito de todo o processo que serão submetidos.",5,5,Positivo (4-5),Orientação e supervisão direta,5,5,Alto desafio (4-5),"Inserir no contexto das atribuições, adequar na ações do setor, orientar no quanto é importante o desempenho deles.","Abraçar enquanto coordenação, orientar e acolher no que for necessário, visando sempre o bem estar de cada um respeitando a personalidade e limites como seres individuais.",5,5,Não (Não possui),É fundamental,Acompanhamento por servidor mais experiente,5,5,WhatsApp exclusivo,Diariamente,5,5,5,5,5,5,5,5,5,5,5,5,"Que haja momentos de integração, com mais aperfeiçoamento, com vídeos, cursos, palestras , etc que venham motivar na introdução deles no ambiente novo que estarão inseridos.","Sim, Introduzir mais palestras motivadoras e esclarecedoras a respeito de todo o processo que serão submetidos."
2026-06-15T13:25:27Z,2026,5,Acolhimento e integração dos jovens,5,"Não  remuneração, escassez de PPE, dificuldade de comunicação com reposição  do PPE",Os PPE'S sao dedicados!,5,Sim,É fundamental,Participação em eventos de integração,5,Whatsapp,Diariamente,4,4,4,3,4,5,Nada,Falta de novos PP'S,5,5,Positivo (4-5),Outras atribuições,5,5,Alto desafio (4-5),"Não remuneração, escassez de PPE, dificuldade de comunicação com reposição do PPE",Os PPE'S sao dedicados!,5,5,Sim (Possui protocolos),É fundamental,Múltiplas formas / Outras práticas,5,5,WhatsApp exclusivo,Diariamente,4,4,4,4,4,4,3,3,4,4,5,5,Nada,Falta de novos PP'S
2026-06-15T14:29:44Z,2026,5,Articulação entre gestão central do PPE e o orgão,2,"Treinamento, adaptacão e a necessidade de extensao de tempo no projeto","Trabalhar com jovens sem vicios profisssionais, disponibilidade e aprendizado acelerado.",1,Sim,É fundamental,Acompanhamento por um profissional/colega ou servidor mais experiente,3,E-mail,Diariamente,3,5,3,5,5,4,Sem sugestão,Não,5,5,Positivo (4-5),Outras atribuições,2,2,Baixo desafio (1-2),"Treinamento, adaptacão e a necessidade de extensao de tempo no projeto","Trabalhar com jovens sem vicios profisssionais, disponibilidade e aprendizado acelerado.",1,1,Sim (Possui protocolos),É fundamental,Acompanhamento por servidor mais experiente,3,3,E-mail exclusivo,Diariamente,3,3,5,5,3,3,5,5,5,5,4,4,Sem sugestão,Não
2026-06-15T14:49:08Z,2026,5,Orientação e supervisão direta das atividades dos jovens,4,Acompanhamento diária por conta das minhas atividades externas,Bom relacionamento com a equipe,4,Não tenho certeza,É fundamental,Participação em eventos de integração,1,Não tenho contato,Semanalmente,3,5,2,4,4,5,Instrumentos próprios de acompanhamento,Um programa de aproveitamento dos com melhor desempenho,5,5,Positivo (4-5),Orientação e supervisão direta,4,4,Alto desafio (4-5),Acompanhamento diária por conta das minhas atividades externas,Bom relacionamento com a equipe,4,4,Não tenho certeza / Talvez,É fundamental,Múltiplas formas / Outras práticas,1,1,Outros canais,Semanalmente,3,3,5,5,2,2,4,4,4,4,5,5,Instrumentos próprios de acompanhamento,Um programa de aproveitamento dos com melhor desempenho
2026-06-15T15:27:37Z,2026,5,Orientação e supervisão direta das atividades dos jovens,4,"•	Necessidade de acompanhamento mais próximo devido à pouca experiência profissional dos jovens.
•	Adaptação dos participantes às normas, procedimentos e rotinas do laboratório.
•	Limitação para execução de algumas atividades técnicas que exigem maior experiência ou habilitação específica.
","•	Contribuição para a formação profissional de jovens em início de carreira.
•	Possibilidade de desenvolver novos talentos alinhados às rotinas do laboratório.
•	Apoio às atividades do setor, distribuindo tarefas compatíveis com a função de cada participante.
",4,Sim,Contribui significativamente,Acompanhamento por um profissional/colega ou servidor mais experiente,3,Whatsapp,Mensalmente,4,3,5,3,3,4,"Fortalecer a comunicação entre os órgãos gestores do programa e as unidades de lotação, promovendo maior alinhamento das informações e das demandas","No momento, não identifico inconformidades graves que comprometam a execução do Programa Primeiro Emprego (PPE)",5,5,Positivo (4-5),Orientação e supervisão direta,4,4,Alto desafio (4-5),"• Necessidade de acompanhamento mais próximo devido à pouca experiência profissional dos jovens. • Adaptação dos participantes às normas, procedimentos e rotinas do laboratório. • Limitação para execução de algumas atividades técnicas que exigem maior experiência ou habilitação específica.","• Contribuição para a formação profissional de jovens em início de carreira. • Possibilidade de desenvolver novos talentos alinhados às rotinas do laboratório. • Apoio às atividades do setor, distribuindo tarefas compatíveis com a função de cada participante.",4,4,Sim (Possui protocolos),Contribui significativamente,Acompanhamento por servidor mais experiente,3,3,WhatsApp exclusivo,Quinzenalmente ou Mensalmente,4,4,3,3,5,5,3,3,3,3,4,4,"Fortalecer a comunicação entre os órgãos gestores do programa e as unidades de lotação, promovendo maior alinhamento das informações e das demandas","No momento, não identifico inconformidades graves que comprometam a execução do Programa Primeiro Emprego (PPE)"
2026-06-15T15:54:36Z,2026,5,Acompanhamento do desempenho e frequência dos jovens,4,A falta de substituição ao término dos contratos.,"Diálogo com  Fesf. 
Retorno rapido dos monitores.
Rapidez nas solicitações de equipe multi.",4,Sim,Contribui significativamente,Acompanhamento por um profissional/colega ou servidor mais experiente,5,Whatsapp,Semanalmente,2,3,3,4,3,4,Sem sugestões,É necessário ampliação do programa,5,5,Positivo (4-5),Acompanhamento de desempenho e frequência,4,4,Alto desafio (4-5),A falta de substituição ao término dos contratos.,Diálogo com Fesf. Retorno rapido dos monitores. Rapidez nas solicitações de equipe multi.,4,4,Sim (Possui protocolos),Contribui significativamente,Acompanhamento por servidor mais experiente,5,5,WhatsApp exclusivo,Semanalmente,2,2,3,3,3,3,4,4,3,3,4,4,Sem sugestões,É necessário ampliação do programa
2026-06-15T16:25:13Z,2026,5,Acompanhamento do desempenho e frequência dos jovens,4,"Gestão de conflitos, fiscalizar as atividades,  acompanhar as atividades/ cursos no AVA","Acolhimento, Comunicação , orientação",4,Sim,Contribui significativamente,Acompanhamento por um profissional/colega ou servidor mais experiente,4,E-mail,Sempre que possivel,4,4,4,3,4,5,"Facilitar a comunicação PPE , Monitor (a)  eRH",Melhor acesso para esclarecimentos com os profissionais do RH,5,5,Positivo (4-5),Acompanhamento de desempenho e frequência,4,4,Alto desafio (4-5),"Gestão de conflitos, fiscalizar as atividades, acompanhar as atividades/ cursos no AVA","Acolhimento, Comunicação , orientação",4,4,Sim (Possui protocolos),Contribui significativamente,Acompanhamento por servidor mais experiente,4,4,E-mail exclusivo,Raramente / Eventual,4,4,4,4,4,4,3,3,4,4,5,5,"Facilitar a comunicação PPE , Monitor (a) eRH",Melhor acesso para esclarecimentos com os profissionais do RH
2026-06-15T16:48:11Z,2026,5,Acolhimento e integração dos jovens,3,"Fazer a comunicação fluir sem ruídos entre a FESF, os chefes imediatos dos trabalhadores educandos em seus setores lotados, e os próprios.

Fazer com que os PPE’s entreguem as frequências no prazo.

","Ver os resultados deles nos setores.

Participar do acompanhamento das atividades do programa. 


",4,Sim,Contribui significativamente,Participação em eventos de integração,3,Whatsapp,Mensalmente,5,3,4,2,2,4,"Acho que é necessário melhorar a comunicação entre todas as partes, fazer uma integração melhor, fesf unidade de lotação e ppe.",Urgência no fluxo da comunicação.,5,5,Positivo (4-5),Outras atribuições,3,3,Desafio moderado (3),"Fazer a comunicação fluir sem ruídos entre a FESF, os chefes imediatos dos trabalhadores educandos em seus setores lotados, e os próprios. Fazer com que os PPE’s entreguem as frequências no prazo.",Ver os resultados deles nos setores. Participar do acompanhamento das atividades do programa.,4,4,Sim (Possui protocolos),Contribui significativamente,Múltiplas formas / Outras práticas,3,3,WhatsApp exclusivo,Quinzenalmente ou Mensalmente,5,5,3,3,4,4,2,2,2,2,4,4,"Acho que é necessário melhorar a comunicação entre todas as partes, fazer uma integração melhor, fesf unidade de lotação e ppe.",Urgência no fluxo da comunicação.
2026-06-15T19:32:37Z,2026,4,Orientação e supervisão direta das atividades dos jovens,5,Fazer enter como funciona as ações .Colocar que ser servidor Público tem grande responsabilidade.E cumprir seu papel como Servidor.,Passar toda minha experiência parado próximo.,3,Não,É fundamental,Acompanhamento por um profissional/colega ou servidor mais experiente,5,Telefone celular,Diariamente,2,2,3,5,5,5,Nada a declarar,Não,4,4,Positivo (4-5),Orientação e supervisão direta,5,5,Alto desafio (4-5),Fazer enter como funciona as ações .Colocar que ser servidor Público tem grande responsabilidade.E cumprir seu papel como Servidor.,Passar toda minha experiência parado próximo.,3,3,Não (Não possui),É fundamental,Acompanhamento por servidor mais experiente,5,5,Telefone / Contato direto,Diariamente,2,2,2,2,3,3,5,5,5,5,5,5,Nada a declarar,Não
2026-06-16T12:47:20Z,2026,5,Orientação e supervisão direta das atividades dos jovens,5,"Acompanhamento contínuo devido alta demanda de coordenação, devolutiva da avaliação do serviço do ponto de vista deles.","Acolhimento inicial, garantia do suporte necessário para adaptação e ofertar uma comunicação efetiva.",4,Não,É fundamental,Acompanhamento por um profissional/colega ou servidor mais experiente,2,Whatsapp,Mensalmente,4,4,5,3,4,4,"Integração nos momentos oportunos com os pontos focais, informações com mais brevidade sobre ausências para participação de eventos.",não.,5,5,Positivo (4-5),Orientação e supervisão direta,5,5,Alto desafio (4-5),"Acompanhamento contínuo devido alta demanda de coordenação, devolutiva da avaliação do serviço do ponto de vista deles.","Acolhimento inicial, garantia do suporte necessário para adaptação e ofertar uma comunicação efetiva.",4,4,Não (Não possui),É fundamental,Acompanhamento por servidor mais experiente,2,2,WhatsApp exclusivo,Quinzenalmente ou Mensalmente,4,4,4,4,5,5,3,3,4,4,4,4,"Integração nos momentos oportunos com os pontos focais, informações com mais brevidade sobre ausências para participação de eventos.",não.
2026-06-16T15:45:37Z,2026,5,Acompanhamento do desempenho e frequência dos jovens,4,1º Lidar com inexperiência profissional. 2⁰ Promover o desenvolvimento profissional e Pessoal. 3⁰ Realizar acompanhamento individualizado.,1⁰ Troca de experiência. 2⁰ capacitação permanente dos jovens. 3⁰ Acompanhar a evolução e o desenvolvimento de cada um,5,Sim,É fundamental,Apresentação formal à equipe,4,Whatsapp,Diariamente,4,4,1,5,5,5,No momento nada a reclamar,Não,5,5,Positivo (4-5),Acompanhamento de desempenho e frequência,4,4,Alto desafio (4-5),1º Lidar com inexperiência profissional. 2⁰ Promover o desenvolvimento profissional e Pessoal. 3⁰ Realizar acompanhamento individualizado.,1⁰ Troca de experiência. 2⁰ capacitação permanente dos jovens. 3⁰ Acompanhar a evolução e o desenvolvimento de cada um,5,5,Sim (Possui protocolos),É fundamental,Apresentação formal à equipe,4,4,WhatsApp exclusivo,Diariamente,4,4,4,4,1,1,5,5,5,5,5,5,No momento nada a reclamar,Não
2026-06-18T10:53:41Z,2026,5,Acompanhamento do desempenho e frequência dos jovens,2,"Não tenho desafios, pois estamos sem PPE HMIJS","Acolhimento, orientação e Organização",5,Sim,É fundamental,Acompanhamento por um profissional/colega ou servidor mais experiente,4,E-mail,Mensalmente,1,5,4,5,5,4,Por enquanto nenhuma,Não,5,5,Positivo (4-5),Acompanhamento de desempenho e frequência,2,2,Baixo desafio (1-2),"Não tenho desafios, pois estamos sem PPE HMIJS","Acolhimento, orientação e Organização",5,5,Sim (Possui protocolos),É fundamental,Acompanhamento por servidor mais experiente,4,4,E-mail exclusivo,Quinzenalmente ou Mensalmente,1,1,5,5,4,4,5,5,5,5,4,4,Por enquanto nenhuma,Não
